,Date,GDP,BCI_0,BCIp_0,BCIg_0,BCI_1,BCIp_1,BCIg_1,BCI_2,BCIp_2,BCIg_2,BCI_3,BCIp_3,BCIg_3,BCI_4,BCIp_4,BCIg_4,BCI_5,BCIp_5,BCIg_5,BCI_6,BCIp_6,BCIg_6,BCI_7,BCIp_7,BCIg_7,BCI_8,BCIp_8,BCIg_8,BCI_9,BCIp_9,BCIg_9,BCI_10,BCIp_10,BCIg_10,BCI_11,BCIp_11,BCIg_11,BCI_12,BCIp_12,BCIg_12,BCI_13,BCIp_13,BCIg_13
0,1967-01-31,844.17,100.0,100.0,0.0,100.0,99.5,0.0,99.6,93.1,0.0,99.8,96.4,0.0,99.9,98.7,0.0,99.7,94.6,0.0,99.9,98.4,0.0,99.9,97.6,0.0,99.2,85.8,0.0,98.5,75.1,0.0,98.9,82.2,0.0,99.8,96.6,0.0,0.0,0.0,0.0,0.0,0.0,0.0
1,1967-04-30,848.983,100.4,100.0,0.0,100.5,100.0,0.0,100.1,93.4,0.0,99.8,88.3,0.0,100.2,95.6,0.0,100.6,100.0,0.0,101.4,100.0,0.0,101.8,100.0,0.0,102.0,100.0,0.0,102.3,100.0,0.0,103.1,100.0,0.0,103.2,100.0,0.0,103.2,99.8,0.0,0.0,0.0,0.0
2,1967-07-31,865.233,103.4,100.0,0.0,103.4,99.9,0.0,103.4,100.0,0.0,103.6,100.0,0.0,103.5,98.0,0.0,104.0,100.0,0.0,104.3,100.0,0.0,104.9,100.0,0.0,104.9,100.0,0.0,104.7,96.7,0.0,104.9,99.7,0.0,104.5,93.0,0.0,104.5,93.1,0.0,0.0,0.0,0.0
3,1967-10-31,881.439,104.6,94.3,0.0,104.2,87.9,0.0,104.1,87.5,0.0,104.7,97.2,0.0,106.1,100.0,0.0,106.7,100.0,0.0,107.3,100.0,0.0,107.4,100.0,0.0,106.6,87.4,0.0,106.2,81.2,0.0,106.3,82.3,0.0,106.4,83.7,0.0,105.6,71.7,0.0,0.0,0.0,0.0
4,1968-01-31,909.387,105.0,62.7,12.3,104.9,60.5,11.3,104.2,49.2,10.1,104.2,49.3,9.2,104.3,51.9,8.7,103.6,40.9,7.9,104.1,48.7,7.7,104.1,48.5,7.5,104.7,57.4,7.5,105.9,76.7,8.5,107.2,96.9,9.8,108.5,100.0,11.7,108.3,97.3,13.1,13.1,13.1,13.1
5,1968-04-30,934.344,108.7,100.0,14.2,108.9,100.0,14.6,108.8,98.3,14.4,108.2,90.3,14.1,108.9,100.0,13.8,109.7,100.0,13.9,110.6,100.0,14.4,110.2,93.9,15.0,109.5,84.2,15.0,109.2,78.5,14.4,109.7,87.3,13.7,109.2,79.4,13.0,108.6,69.7,12.2,12.2,12.2,12.2
6,1968-07-31,950.825,108.4,66.8,11.6,108.4,66.6,10.8,108.2,64.4,10.1,108.1,62.6,9.7,108.4,67.5,9.6,108.9,73.9,9.6,109.9,90.4,10.2,110.3,96.2,11.1,111.2,100.0,12.2,111.6,100.0,13.2,112.0,100.0,14.0,111.9,98.5,14.5,112.4,100.0,14.8,112.4,100.0,14.9
7,1968-10-31,968.03,112.3,99.4,14.8,112.8,100.0,14.9,113.3,100.0,15.0,113.3,99.4,15.2,114.1,100.0,15.7,114.0,99.0,16.0,113.8,95.5,15.9,113.2,87.2,15.7,112.7,78.7,14.7,111.6,62.3,13.3,110.8,51.0,11.7,111.0,53.7,10.4,111.9,68.0,9.9,9.9,9.9,9.9
8,1969-01-31,993.337,112.5,75.5,10.1,112.6,77.6,10.7,112.5,75.9,11.2,110.8,51.1,10.4,110.5,46.3,9.2,110.4,46.0,7.9,110.2,43.0,6.7,110.7,50.1,6.4,111.7,65.0,6.8,112.4,74.4,7.4,112.6,77.2,8.3,112.7,79.7,9.0,9.0,9.0,9.0,9.0,9.0,9.0
9,1969-04-30,1009.02,113.1,84.6,9.4,113.9,97.1,10.0,114.3,100.0,10.6,114.1,96.6,11.0,113.7,91.9,11.1,113.4,86.6,10.7,113.2,83.8,10.0,112.4,72.3,9.1,111.8,62.8,8.1,111.8,63.6,7.4,111.9,65.4,6.7,110.3,41.3,5.7,109.4,28.5,4.6,108.5,14.6,3.1
10,1969-07-31,1029.956,108.6,16.0,1.6,108.3,12.5,0.8,108.8,19.5,0.5,109.0,21.6,0.7,109.1,22.9,0.9,108.6,16.0,1.0,108.3,11.2,0.7,108.2,10.1,0.4,107.5,0.1,-0.2,107.1,-6.2,-0.7,107.1,-6.3,-1.1,107.5,0.3,-1.3,107.2,-5.0,-1.3,-1.3,-1.3,-1.3
11,1969-10-31,1038.147,106.5,-14.5,-1.4,106.4,-16.3,-1.5,105.8,-24.7,-2.1,104.8,-39.7,-2.9,104.6,-42.3,-3.4,103.5,-58.0,-4.4,102.8,-68.9,-5.4,102.6,-71.4,-6.0,103.1,-65.3,-6.3,103.1,-65.0,-6.2,102.5,-73.5,-6.0,101.6,-86.1,-6.2,100.8,-98.0,-6.8,-6.8,-6.8,-6.8
12,1970-01-31,1051.2,99.8,-112.4,-7.9,99.8,-113.6,-8.7,99.7,-115.3,-9.2,99.3,-120.8,-9.5,99.5,-117.3,-9.3,99.2,-122.3,-9.2,98.5,-131.9,-9.3,98.3,-135.1,-9.4,97.2,-152.0,-10.0,95.7,-173.2,-11.1,94.3,-193.4,-12.4,93.1,-211.8,-14.2,91.7,-232.7,-15.9,-15.9,-15.9,-15.9
13,1970-04-30,1067.375,90.2,-253.7,-17.6,88.9,-273.7,-19.3,87.4,-295.2,-21.0,86.7,-306.3,-22.3,88.6,-277.9,-22.3,88.8,-275.3,-21.7,88.5,-279.3,-20.6,88.8,-274.9,-19.0,88.1,-285.4,-18.6,87.7,-291.0,-18.3,88.4,-281.3,-17.7,89.1,-270.4,-16.9,89.5,-265.2,-15.7,-15.7,-15.7,-15.7
14,1970-07-31,1086.059,89.2,-269.0,-14.4,88.9,-273.9,-13.6,88.7,-276.6,-13.1,89.6,-262.5,-12.5,89.8,-260.7,-11.6,89.8,-260.6,-10.6,89.4,-265.3,-9.6,89.0,-271.4,-9.2,89.4,-265.5,-8.8,89.8,-260.0,-8.1,89.1,-270.4,-7.7,88.4,-280.0,-7.3,88.6,-277.3,-7.1,-7.1,-7.1,-7.1
15,1970-10-31,1088.608,88.7,-276.4,-7.0,88.8,-274.8,-6.5,88.3,-282.6,-5.9,87.9,-287.9,-5.7,88.6,100.0,-5.1,89.1,100.0,-4.3,89.3,100.0,-3.2,89.7,100.0,-1.7,90.3,100.0,-0.3,91.0,100.0,1.2,91.8,100.0,3.0,92.3,100.0,4.8,93.3,100.0,6.9,6.9,6.9,6.9
16,1971-01-31,1135.156,94.0,100.0,8.9,94.5,100.0,10.7,94.8,100.0,12.4,94.8,100.0,13.5,94.8,100.0,14.2,95.5,100.0,15.0,95.7,100.0,15.7,95.7,100.0,16.4,95.4,93.6,16.8,95.4,93.4,16.9,95.7,99.9,17.0,95.8,100.0,17.1,96.6,100.0,17.8,17.8,17.8,17.8
17,1971-04-30,1156.271,97.2,100.0,18.8,97.2,100.0,19.4,97.0,95.5,19.8,96.8,92.3,19.5,96.8,92.8,18.9,97.1,98.5,18.4,97.1,97.2,18.1,96.6,89.1,17.5,96.4,85.7,16.9,96.7,90.1,16.3,97.0,95.6,15.9,96.8,92.6,15.6,97.3,100.0,15.7,15.7,15.7,15.7
18,1971-07-31,1177.675,96.7,90.3,15.4,96.4,84.8,14.8,97.2,98.0,14.6,98.0,100.0,14.7,98.4,100.0,15.2,98.8,100.0,16.1,98.6,96.5,16.5,98.3,91.2,16.3,97.5,78.8,15.4,97.6,79.7,14.4,97.8,83.0,13.6,97.2,72.4,12.6,96.8,66.4,11.9,11.9,11.9,11.9
19,1971-10-31,1190.297,96.7,63.6,11.1,96.7,64.7,10.1,96.2,55.6,9.3,96.5,61.8,8.8,97.4,76.7,8.9,98.8,99.7,9.6,99.3,100.0,10.9,100.4,100.0,12.6,101.4,100.0,14.2,102.4,100.0,15.7,104.0,100.0,17.8,104.7,100.0,19.6,105.1,100.0,21.1,21.1,21.1,21.1
20,1972-01-31,1230.609,105.6,100.0,22.2,106.1,100.0,22.8,106.2,100.0,23.1,106.2,99.4,23.2,106.8,100.0,23.3,107.5,100.0,23.6,107.7,100.0,23.9,107.7,99.3,24.2,107.9,100.0,24.2,108.4,100.0,24.1,108.9,100.0,24.2,109.0,100.0,24.3,108.5,92.2,24.1,24.1,24.1,24.1
21,1972-04-30,1266.369,108.3,88.9,23.5,108.1,86.2,22.5,108.1,86.3,21.5,108.9,97.3,21.2,109.9,100.0,21.6,110.1,100.0,22.1,110.2,100.0,22.6,110.5,100.0,22.9,110.8,100.0,22.8,110.8,100.0,22.6,110.8,99.4,22.3,110.0,87.9,21.4,110.7,98.0,20.8,20.8,20.8,20.8
22,1972-07-31,1290.566,111.1,100.0,20.4,112.0,100.0,20.4,113.0,100.0,21.3,113.7,100.0,22.2,113.9,100.0,23.0,114.2,100.0,23.5,113.9,94.8,23.3,113.9,95.7,22.7,115.2,100.0,22.8,116.4,100.0,23.2,117.0,100.0,24.0,116.9,98.4,24.7,117.7,100.0,25.2,25.2,25.2,25.2
23,1972-10-31,1328.904,118.5,100.0,25.4,119.4,100.0,25.8,119.9,100.0,26.4,120.5,100.0,26.8,121.8,100.0,27.5,122.4,100.0,28.0,123.7,100.0,28.9,123.9,100.0,29.6,122.5,80.8,28.9,122.8,85.6,28.1,123.5,94.5,27.1,123.9,99.7,26.2,124.0,100.0,26.1,26.1,26.1,26.1
24,1973-01-31,1377.49,124.2,100.0,26.0,124.3,100.0,25.6,124.8,100.0,25.3,124.9,100.0,25.0,124.5,94.7,24.4,124.7,96.5,23.9,125.3,100.0,23.5,125.0,95.5,22.8,123.9,80.4,21.8,123.7,78.0,20.7,123.9,80.5,19.5,124.1,83.6,18.5,124.0,81.8,18.0,18.0,18.0,18.0
25,1973-04-30,1413.887,122.8,66.6,17.1,123.6,77.1,16.4,122.8,65.7,15.3,121.8,52.4,13.8,122.0,55.4,13.0,120.7,38.6,11.3,121.3,46.0,10.2,120.5,36.0,9.3,119.9,27.2,8.1,119.7,24.9,7.4,119.7,24.1,6.4,120.0,28.4,5.9,120.5,34.9,5.8,5.8,5.8,5.8
26,1973-07-31,1433.838,120.7,38.4,5.9,120.0,29.0,5.8,118.9,14.5,5.0,117.6,-3.6,3.6,117.1,-10.3,2.0,117.1,-10.6,0.7,116.8,-14.4,-0.3,116.6,-16.9,-0.8,117.1,-10.6,-0.9,117.2,-8.8,-0.9,117.4,-6.7,-0.7,117.5,-4.5,-0.4,117.1,-9.9,-0.4,-0.4,-0.4,-0.4
27,1973-10-31,1476.289,117.1,-10.2,-0.5,115.9,-25.6,-1.0,115.4,-33.5,-1.8,114.0,-51.5,-3.0,112.9,-66.2,-4.5,111.4,-86.5,-6.0,111.9,-79.6,-7.1,111.3,-88.0,-7.9,110.5,-98.0,-8.5,110.7,-96.2,-8.5,110.5,-99.0,-8.7,108.5,-125.5,-9.4,108.4,-126.6,-9.9,107.5,-139.1,-10.7
28,1974-01-31,1491.209,106.6,-150.8,-11.7,105.6,-164.4,-12.4,105.2,-169.5,-13.2,105.5,-165.7,-13.4,105.6,-163.9,-13.3,106.1,-157.6,-12.6,105.8,-161.1,-11.9,105.4,-167.2,-11.4,104.3,-181.6,-11.4,103.9,-187.3,-11.7,103.8,-189.1,-12.0,103.9,-186.6,-12.1,-12.1,-12.1,-12.1,-12.1,-12.1,-12.1
29,1974-04-30,1530.056,103.3,-194.7,-11.9,103.8,-188.9,-11.4,103.7,-189.5,-10.9,102.9,-200.0,-10.7,102.5,-206.5,-10.5,102.4,-206.9,-10.5,103.1,-197.2,-10.2,102.6,-204.4,-9.8,102.1,-211.8,-9.5,101.5,-219.4,-9.3,100.5,-232.1,-9.9,100.2,-237.3,-10.3,100.5,-232.3,-10.4,-10.4,-10.4,-10.4
30,1974-07-31,1560.026,99.2,-249.8,-10.8,98.4,-261.1,-11.1,97.7,-270.6,-11.5,95.8,-295.4,-12.9,94.2,-317.3,-14.3,93.5,-327.1,-15.7,92.7,-336.7,-17.1,91.1,-359.0,-18.3,91.0,-360.5,-19.0,89.0,-387.4,-20.1,88.4,-395.3,-21.2,90.0,-372.9,-20.9,90.2,-371.5,-20.5,89.2,-384.4,-19.7
31,1974-10-31,1599.679,89.5,-379.6,-18.4,89.0,-386.5,-18.1,87.1,-412.9,-18.6,85.0,-440.2,-19.6,84.4,-449.2,-21.0,82.0,-480.9,-23.2,81.1,-492.8,-24.9,80.0,-507.3,-26.2,79.8,-510.7,-27.3,79.8,-510.2,-27.4,79.4,-515.4,-27.3,78.8,-523.1,-27.1,78.9,-522.6,-26.6,-26.6,-26.6,-26.6
32,1975-01-31,1616.116,79.1,-520.0,-26.2,78.9,-522.5,-25.6,78.9,-522.0,-24.8,78.6,-526.6,-24.2,78.4,-529.2,-23.7,78.3,-530.9,-23.3,77.9,-536.0,-22.9,77.1,-546.8,-22.8,76.9,100.0,-22.7,76.0,80.9,-22.9,76.4,89.0,-22.7,76.5,91.9,-22.1,-22.1,-22.1,-22.1,-22.1,-22.1,-22.1
33,1975-04-30,1651.853,76.7,95.8,-21.4,77.4,100.0,-19.9,77.6,100.0,-18.5,77.5,97.0,-17.2,78.0,100.0,-15.7,78.9,100.0,-14.1,78.9,99.9,-12.5,79.0,100.0,-10.9,79.9,100.0,-9.0,80.7,100.0,-7.1,81.4,100.0,-4.9,81.7,100.0,-2.5,81.7,98.2,-0.7,80.6,77.5,0.1
34,1975-07-31,1709.82,80.3,71.0,0.2,80.4,71.4,0.2,80.2,67.6,0.1,80.3,69.5,0.7,80.9,82.7,1.7,81.1,87.7,2.8,80.5,75.0,3.6,81.1,87.1,4.7,81.1,87.1,5.3,81.6,97.0,6.1,82.2,100.0,7.5,83.0,100.0,9.1,83.1,100.0,10.7,10.7,10.7,10.7
35,1975-10-31,1761.831,83.0,97.8,11.9,83.6,100.0,13.1,84.1,100.0,14.1,84.7,100.0,15.4,85.6,100.0,17.2,85.5,98.7,18.6,86.1,100.0,19.9,86.7,100.0,21.0,88.0,100.0,22.4,89.4,100.0,24.7,90.3,100.0,27.1,91.3,100.0,29.6,91.9,100.0,31.7,31.7,31.7,31.7
36,1976-01-31,1820.487,92.7,100.0,33.2,93.2,100.0,34.5,93.4,100.0,35.2,93.5,100.0,35.5,93.0,90.6,34.8,93.1,92.2,33.8,93.2,94.6,32.9,93.4,97.6,31.9,93.9,100.0,31.6,94.2,100.0,31.5,93.9,93.5,30.9,94.2,99.2,30.5,93.9,94.1,29.6,29.6,29.6,29.6
37,1976-04-30,1852.332,93.5,85.8,28.1,93.5,85.8,26.9,93.2,80.7,25.3,93.1,79.8,24.0,93.1,79.3,23.0,93.1,79.9,22.0,93.5,86.2,21.4,94.1,97.1,21.3,93.7,90.5,21.0,93.4,84.9,20.4,93.8,92.3,20.0,93.6,88.0,19.0,93.7,90.1,18.4,18.4,18.4,18.4
38,1976-07-31,1886.558,93.8,91.9,18.1,94.1,97.2,17.6,94.3,100.0,17.4,94.7,100.0,17.4,95.3,100.0,17.6,95.8,100.0,17.9,96.1,100.0,18.3,96.5,100.0,18.6,96.2,94.9,18.4,95.5,82.5,17.5,95.0,75.1,16.2,94.7,70.3,14.6,95.2,77.9,13.5,13.5,13.5,13.5
39,1976-10-31,1934.273,95.8,89.4,13.1,95.6,84.4,12.9,95.6,84.3,12.8,96.4,98.7,12.9,96.7,100.0,12.9,97.3,100.0,13.3,98.0,100.0,14.1,98.2,100.0,14.6,99.2,100.0,15.5,100.1,100.0,16.5,100.2,100.0,17.2,100.5,100.0,18.0,100.6,100.0,18.3,18.3,18.3,18.3
40,1977-01-31,1988.648,100.5,99.3,18.1,100.4,97.8,17.8,100.0,90.4,17.1,100.0,90.3,16.5,100.7,100.0,16.3,101.4,100.0,16.5,102.2,100.0,17.4,102.4,100.0,18.4,102.2,96.6,18.8,102.2,96.6,18.9,102.8,100.0,18.9,103.1,100.0,18.9,103.1,99.9,19.0,19.0,19.0,19.0
41,1977-04-30,2055.909,103.7,100.0,19.4,104.3,100.0,19.7,104.7,100.0,20.1,104.1,91.0,20.2,103.4,79.2,19.6,103.7,84.1,18.8,104.0,88.9,17.9,104.6,98.3,17.7,104.7,100.0,18.0,104.7,99.1,18.0,104.9,100.0,18.1,105.5,100.0,18.1,105.6,100.0,18.0,18.0,18.0,18.0
42,1977-07-31,2118.473,105.2,94.4,17.8,105.2,94.2,17.5,105.1,92.5,16.8,104.8,86.9,15.9,104.3,80.2,15.0,104.6,84.6,14.3,104.6,83.5,13.6,104.3,80.3,13.0,104.7,85.2,12.9,105.3,95.2,12.9,105.5,98.7,13.0,105.2,93.7,13.0,105.2,93.8,12.9,12.9,12.9,12.9
43,1977-10-31,2164.27,105.4,97.4,12.6,105.6,100.0,12.2,106.8,100.0,12.6,106.8,100.0,13.1,107.1,100.0,13.5,106.3,87.2,13.4,106.7,93.6,13.0,106.7,93.5,12.5,107.2,100.0,12.2,107.6,100.0,12.5,107.1,91.6,12.4,106.9,88.8,12.1,107.1,92.1,11.8,11.8,11.8,11.8
44,1978-01-31,2202.76,106.6,84.4,11.1,106.4,82.0,10.5,106.7,85.4,10.2,105.4,65.4,9.2,105.0,59.7,8.2,104.7,54.7,7.1,105.2,63.2,6.3,105.7,69.5,6.3,105.6,68.3,6.4,105.5,66.9,6.7,106.0,75.7,6.9,107.3,95.1,7.6,108.8,100.0,9.0,9.0,9.0,9.0
45,1978-04-30,2331.633,109.9,100.0,10.9,110.5,100.0,12.9,111.7,100.0,14.8,112.0,100.0,16.1,112.3,100.0,17.0,113.5,100.0,18.2,114.0,100.0,18.9,113.7,95.1,19.4,113.1,86.9,19.4,112.8,82.5,18.7,113.0,85.7,17.8,113.1,87.2,17.2,113.2,89.1,17.0,17.0,17.0,17.0
46,1978-07-31,2395.053,113.9,98.7,17.2,114.7,100.0,17.7,114.5,96.8,18.1,114.3,94.1,18.2,113.7,85.8,17.8,113.6,83.6,16.9,114.4,95.4,16.5,114.0,90.3,16.0,113.6,83.2,15.5,113.7,85.5,15.3,114.4,95.2,14.9,114.1,91.4,14.6,113.0,74.8,14.0,14.0,14.0,14.0
47,1978-10-31,2476.949,112.5,67.9,13.1,112.7,70.0,12.0,112.5,67.9,11.0,112.9,73.2,10.7,113.7,84.7,11.0,113.2,77.5,11.0,113.6,84.3,11.3,113.0,75.0,11.1,112.6,69.8,10.4,112.6,69.0,9.9,113.1,76.7,9.5,112.8,72.6,9.2,112.6,69.2,9.0,9.0,9.0,9.0
48,1979-01-31,2526.61,112.5,67.4,8.8,111.7,55.9,7.9,111.3,50.7,7.1,111.3,50.4,6.3,110.3,36.0,5.2,109.7,26.0,4.1,109.8,28.7,3.3,110.1,32.3,2.6,110.0,31.1,2.3,109.9,29.3,2.2,110.3,34.9,2.3,109.8,27.4,2.0,110.0,31.7,1.9,1.9,1.9,1.9
49,1979-04-30,2591.247,110.5,38.8,2.1,110.6,39.5,2.1,110.6,40.4,2.5,111.4,52.1,3.1,111.4,50.9,3.4,111.2,48.4,3.7,111.7,55.7,4.2,111.9,58.7,4.4,111.8,58.1,4.7,111.6,53.9,4.9,111.7,56.6,5.0,110.8,42.9,4.6,110.1,32.7,3.9,3.9,3.9,3.9
50,1979-07-31,2667.565,110.2,33.8,3.4,110.1,32.8,2.8,110.1,33.2,2.6,110.0,31.3,2.7,109.9,29.2,2.7,109.6,25.1,2.6,109.4,22.2,2.4,109.6,24.6,2.3,110.0,31.3,2.5,110.0,31.6,2.9,109.8,27.7,3.2,108.5,9.3,2.9,107.1,-11.8,1.7,1.7,1.7,1.7
51,1979-10-31,2723.883,106.7,-16.7,0.5,106.5,-20.7,-0.8,106.2,-25.3,-1.6,106.4,-22.0,-1.7,105.6,-33.1,-2.0,105.2,-39.7,-2.3,104.8,-45.7,-2.7,104.6,-48.2,-3.2,103.3,-66.6,-3.9,102.7,-76.1,-4.7,102.0,-85.6,-5.6,102.2,-83.2,-6.3,102.1,-85.4,-6.5,101.8,-89.3,-6.6
52,1980-01-31,2789.842,101.3,-97.0,-6.6,101.2,-97.7,-6.7,100.5,-108.0,-7.0,100.0,-116.0,-7.5,99.5,-123.2,-7.9,98.3,-140.6,-8.8,97.2,-155.9,-9.9,95.5,-181.8,-11.4,94.8,-192.0,-13.0,94.6,-194.4,-14.1,94.1,-202.1,-15.0,93.1,-216.9,-15.6,-15.6,-15.6,-15.6,-15.6,-15.6,-15.6
53,1980-04-30,2797.352,92.2,-229.4,-16.2,91.4,-241.7,-17.0,90.2,-258.9,-18.1,89.7,-266.8,-19.0,88.2,-287.9,-20.1,86.7,-310.7,-21.4,86.1,-319.5,-22.5,85.7,-325.2,-23.5,86.3,-316.5,-23.6,86.5,-313.2,-23.0,86.8,-309.4,-22.1,87.1,-304.2,-20.8,87.7,-295.4,-19.5,88.4,100.0,-18.0
54,1980-07-31,2856.483,88.8,100.0,-16.5,89.5,100.0,-14.8,89.6,100.0,-13.3,90.5,100.0,-11.7,90.9,100.0,-10.1,91.3,100.0,-8.6,92.1,100.0,-6.8,92.9,100.0,-5.1,92.5,93.5,-3.7,93.3,100.0,-2.1,93.6,100.0,-0.8,94.0,100.0,0.4,93.4,89.1,1.4,1.4,1.4,1.4
55,1980-10-31,2985.557,93.0,82.5,1.8,93.5,92.2,2.3,94.7,100.0,3.2,95.1,100.0,4.6,94.7,92.9,5.9,94.0,80.2,6.6,93.5,71.3,6.4,94.2,84.5,6.3,94.6,91.9,6.7,94.6,91.6,7.5,94.0,80.2,8.1,93.8,78.1,8.2,93.1,65.4,7.8,7.8,7.8,7.8
56,1981-01-31,3124.206,92.7,57.6,7.1,92.6,56.9,6.7,92.3,50.7,6.3,91.4,35.0,5.7,91.5,36.7,5.4,91.6,37.8,5.2,92.0,45.0,5.3,92.2,48.4,6.0,92.1,47.9,6.6,92.0,45.0,7.0,91.7,40.3,7.0,92.0,44.6,7.0,91.7,39.7,6.8,6.8,6.8,6.8
57,1981-04-30,3162.532,90.9,25.6,6.3,90.3,15.1,5.6,90.3,15.3,4.7,89.8,7.2,3.8,89.4,-0.2,3.0,88.8,-11.7,2.1,88.8,-10.4,1.3,88.5,-16.2,0.5,88.1,-23.0,-0.3,87.1,-40.6,-1.2,87.3,-37.8,-2.1,87.3,-38.2,-2.8,86.3,-54.9,-3.7,-3.7,-3.7,-3.7
58,1981-07-31,3260.609,86.0,-59.8,-4.2,86.0,-59.9,-4.8,85.2,-75.2,-5.8,84.3,-91.3,-6.7,83.5,-105.5,-7.9,82.7,-119.5,-9.4,82.7,-119.1,-10.4,81.6,-138.0,-11.4,80.5,-158.0,-12.5,80.4,-160.1,-13.3,80.2,-162.9,-14.1,79.7,-172.6,-14.7,78.8,-187.9,-15.0,-15.0,-15.0,-15.0
59,1981-10-31,3280.818,78.6,-190.8,-15.4,78.2,-198.0,-15.9,77.4,-212.1,-16.5,77.3,-214.0,-16.8,77.3,-215.0,-16.9,77.1,-217.0,-16.9,76.4,-230.0,-16.8,76.3,-231.4,-16.7,76.0,-238.1,-16.8,75.5,-246.6,-17.0,74.9,-257.2,-17.2,74.9,-256.6,-17.2,75.1,-253.9,-17.1,-17.1,-17.1,-17.1
60,1982-01-31,3274.302,75.6,-243.9,-16.3,75.4,-248.2,-15.4,75.0,-255.5,-14.8,74.0,-273.1,-14.7,73.2,-286.1,-15.4,72.3,-303.3,-16.4,71.8,-311.6,-17.4,72.0,-308.8,-17.8,71.5,-316.8,-18.0,71.4,-318.3,-17.7,71.3,-320.1,-17.3,70.9,-327.7,-17.1,70.7,-331.0,-16.8,-16.8,-16.8,-16.8
61,1982-04-30,3331.972,70.4,-336.5,-16.6,70.4,-336.4,-16.3,69.9,-344.8,-16.1,69.1,-359.8,-16.2,68.1,-376.6,-16.7,67.7,-383.2,-17.4,67.3,-390.6,-18.1,66.8,-399.9,-18.5,67.3,-391.8,-18.2,67.2,-393.0,-17.7,67.2,-392.4,-17.0,67.6,-385.1,-15.7,67.2,-393.4,-15.0,-15.0,-15.0,-15.0
62,1982-07-31,3366.322,66.6,-403.5,-14.6,66.0,-413.9,-14.5,66.0,-414.4,-14.7,67.0,-396.2,-14.0,67.4,-388.6,-12.7,67.8,-382.9,-10.9,67.7,-383.4,-9.1,67.6,-385.1,-8.0,67.7,-383.4,-7.2,67.6,-385.8,-6.6,68.6,-367.6,-5.4,68.9,-363.1,-4.0,69.7,-348.1,-2.2,-2.2,-2.2,-2.2
63,1982-10-31,3402.561,70.1,-342.1,0.0,70.9,-328.1,2.0,70.5,-335.1,3.5,70.3,-337.8,4.4,70.2,100.0,4.9,71.1,100.0,5.4,70.9,96.2,6.0,71.1,100.0,6.9,72.2,100.0,8.6,72.6,100.0,10.0,74.1,100.0,12.6,74.9,100.0,15.6,74.7,93.5,17.5,17.5,17.5,17.5
64,1983-01-31,3473.413,75.0,100.0,19.3,75.3,100.0,20.2,75.6,100.0,20.7,75.6,99.6,21.4,76.5,100.0,22.5,77.1,100.0,23.8,77.2,100.0,24.9,77.3,100.0,25.9,77.5,100.0,26.4,77.4,99.6,26.3,77.6,100.0,26.2,78.0,100.0,26.4,78.6,100.0,26.9,26.9,26.9,26.9
65,1983-04-30,3578.848,79.1,100.0,27.7,79.7,100.0,28.7,79.7,100.0,29.5,80.4,100.0,30.3,80.6,100.0,30.8,81.4,100.0,31.4,81.6,100.0,32.1,82.5,100.0,32.8,82.9,100.0,33.6,83.4,100.0,34.2,83.9,100.0,34.9,84.2,100.0,35.1,84.9,100.0,35.6,35.6,35.6,35.6
66,1983-07-31,3689.179,84.7,95.0,35.4,84.8,97.9,35.0,85.3,100.0,34.6,85.1,97.4,33.6,84.9,92.0,32.5,85.2,97.8,31.6,85.2,98.8,30.5,85.5,100.0,29.6,85.6,100.0,29.1,85.4,95.4,28.2,86.4,100.0,28.0,86.5,100.0,27.6,86.7,100.0,27.3,27.3,27.3,27.3
67,1983-10-31,3794.706,86.9,100.0,27.3,87.1,100.0,26.8,88.0,100.0,26.9,88.3,100.0,26.9,88.3,100.0,26.9,88.7,100.0,27.0,88.9,100.0,26.6,89.1,100.0,26.1,89.2,100.0,25.7,89.6,100.0,25.3,90.5,100.0,25.4,90.9,100.0,25.7,92.2,100.0,26.7,26.7,26.7,26.7
68,1984-01-31,3908.054,92.6,100.0,27.8,92.6,99.1,28.2,92.5,96.7,28.3,92.8,100.0,27.7,92.8,98.9,26.9,92.4,92.6,25.8,92.3,90.5,24.9,92.6,96.2,23.9,92.6,96.3,23.0,92.8,99.7,22.5,92.6,95.4,21.9,92.9,100.0,21.2,92.8,98.3,20.6,20.6,20.6,20.6
69,1984-04-30,4009.601,92.9,99.9,19.8,92.8,98.0,19.2,92.5,93.7,18.3,92.2,88.2,17.4,91.8,81.1,16.1,92.5,92.9,15.4,92.6,94.6,14.9,92.3,89.9,14.4,92.5,93.4,14.3,92.6,95.0,13.9,92.7,96.4,13.5,92.4,91.2,13.1,92.3,89.5,12.6,12.6,12.6,12.6
70,1984-07-31,4084.25,92.8,98.5,12.3,94.2,100.0,12.9,94.9,100.0,13.9,94.8,98.3,14.9,94.6,95.3,15.5,94.3,89.9,15.1,94.1,86.0,14.2,94.3,89.5,13.5,93.6,77.7,12.5,93.2,70.2,11.5,92.6,59.3,10.4,92.7,61.1,9.1,92.6,60.2,8.3,8.3,8.3,8.3
71,1984-10-31,4148.551,93.1,69.3,8.0,93.7,79.7,8.4,93.7,79.9,8.7,93.6,78.0,9.0,93.7,79.5,9.0,93.7,80.2,8.8,94.1,86.9,8.8,94.3,90.8,9.0,93.9,82.9,8.8,93.9,83.9,8.7,93.5,76.6,8.2,93.8,81.0,7.8,94.3,90.9,7.8,95.2,100.0,8.4
72,1985-01-31,4230.168,95.1,98.0,9.1,95.1,97.4,9.7,95.0,97.3,10.0,95.2,100.0,9.9,95.4,100.0,10.0,95.5,100.0,10.1,95.5,99.3,10.2,95.9,100.0,10.5,96.4,100.0,10.9,96.6,100.0,11.3,96.9,100.0,11.9,96.8,97.9,12.2,12.2,12.2,12.2,12.2,12.2,12.2
73,1985-04-30,4294.887,96.7,96.5,12.2,96.7,97.3,12.1,97.1,100.0,12.1,97.7,100.0,12.4,97.4,96.2,12.6,97.4,96.1,12.7,97.2,92.6,12.6,96.9,87.5,12.0,97.7,100.0,11.9,98.4,100.0,12.2,98.9,100.0,12.9,98.8,99.7,13.7,99.1,100.0,14.1,14.1,14.1,14.1
74,1985-07-31,4386.773,99.3,100.0,14.4,99.5,100.0,14.5,99.5,99.3,14.5,99.3,96.1,14.4,99.5,100.0,14.3,99.8,100.0,14.2,99.7,98.6,14.1,99.2,90.3,13.8,98.9,85.4,13.3,99.1,88.7,12.7,98.8,83.1,12.0,98.7,82.6,11.5,99.2,90.6,11.4,98.8,82.7,11.0
75,1985-10-31,4444.094,98.7,81.4,10.7,98.9,85.3,10.5,99.4,93.1,10.4,99.6,96.7,10.6,99.8,99.8,10.9,99.9,100.0,11.2,99.9,100.0,11.2,100.5,100.0,11.4,101.5,100.0,12.1,101.9,100.0,12.9,101.2,90.0,13.3,101.4,91.9,13.4,101.8,99.7,13.3,13.3,13.3,13.3
76,1986-01-31,4507.894,102.2,100.0,13.2,102.7,100.0,13.6,103.2,100.0,14.3,103.6,100.0,14.9,103.5,98.7,15.2,103.9,100.0,15.5,104.4,100.0,15.8,104.5,100.0,15.9,104.5,99.5,16.1,103.8,88.0,15.7,104.1,93.3,15.2,104.7,100.0,14.9,14.9,14.9,14.9,14.9,14.9,14.9
77,1986-04-30,4545.34,105.5,100.0,15.1,105.5,100.0,15.7,105.7,100.0,16.2,105.5,97.3,16.3,106.1,100.0,16.2,106.6,100.0,16.4,106.0,91.9,16.3,106.3,96.2,16.3,106.1,93.5,16.0,106.3,95.9,15.5,105.9,90.2,15.1,104.9,73.8,14.0,105.1,76.3,13.2,104.7,70.0,12.1
78,1986-07-31,4607.669,104.2,63.0,11.0,104.7,70.2,10.7,104.8,72.2,10.3,104.9,74.3,10.3,104.8,71.7,10.3,104.6,69.3,10.1,102.9,42.8,9.0,102.6,36.8,7.7,101.9,26.9,6.2,102.0,28.2,4.8,101.7,23.6,4.1,102.1,29.2,3.8,103.5,51.5,4.4,4.4,4.4,4.4
79,1986-10-31,4657.627,104.8,71.6,5.6,105.7,85.8,7.3,105.8,88.0,8.9,105.7,85.8,9.7,106.2,93.7,10.1,105.7,86.0,9.9,105.4,81.5,9.5,105.5,82.9,9.2,106.0,90.5,8.9,106.5,99.0,9.1,107.3,100.0,9.8,108.4,100.0,11.0,110.1,100.0,12.7,12.7,12.7,12.7
80,1987-01-31,4722.156,110.8,100.0,14.6,111.2,100.0,16.2,111.7,100.0,17.5,111.5,98.0,17.9,111.2,92.7,17.7,111.5,98.1,17.6,111.6,99.1,17.2,112.2,100.0,17.2,112.2,100.0,17.4,112.7,100.0,17.7,111.6,84.4,17.4,112.1,91.6,17.1,111.7,85.1,16.5,16.5,16.5,16.5
81,1987-04-30,4806.16,112.3,94.2,16.0,113.1,100.0,16.4,112.6,92.4,16.4,112.9,96.7,16.7,113.8,100.0,17.2,114.1,100.0,17.4,115.2,100.0,18.3,114.9,96.6,19.0,114.6,91.5,19.1,114.1,84.3,18.7,114.8,95.2,18.2,115.4,100.0,18.1,115.3,98.2,18.1,18.1,18.1,18.1
82,1987-07-31,4884.555,115.4,100.0,18.4,116.2,100.0,18.6,116.4,100.0,18.7,117.2,100.0,19.1,117.0,97.1,19.4,116.6,90.9,19.1,117.2,99.6,19.0,116.9,96.5,18.4,116.2,86.1,17.5,117.2,100.0,17.3,116.8,93.6,16.6,114.3,57.8,14.8,112.5,32.3,12.6,12.6,12.6,12.6
83,1987-10-31,5007.994,114.3,58.3,10.8,114.8,65.3,9.5,114.4,60.5,9.2,113.5,47.6,9.4,112.8,37.6,8.5,112.1,26.5,7.0,112.7,35.9,6.0,113.7,49.4,5.8,113.4,46.0,5.8,113.5,46.9,6.2,113.3,44.0,6.2,112.5,32.3,5.4,112.1,27.4,4.7,4.7,4.7,4.7
84,1988-01-31,5073.372,112.3,30.2,4.0,112.0,25.7,3.4,112.6,34.2,3.4,112.9,38.4,3.6,113.6,48.4,4.1,114.1,56.1,5.0,113.9,52.7,5.5,114.4,59.2,6.1,114.5,60.7,6.3,115.1,69.8,6.7,116.4,88.0,7.7,115.6,77.8,8.1,116.2,85.7,8.8,8.8,8.8,8.8
85,1988-04-30,5190.036,116.5,90.1,9.3,116.3,86.6,9.1,116.3,87.1,9.2,116.3,87.7,9.2,116.7,93.5,9.1,118.0,100.0,9.8,118.7,100.0,10.7,118.7,98.8,11.6,118.9,100.0,12.4,119.0,100.0,12.7,118.9,98.5,12.7,119.0,100.0,12.7,118.6,94.1,12.4,12.4,12.4,12.4
86,1988-07-31,5282.835,119.1,100.0,12.3,118.9,96.6,12.2,118.3,88.0,11.7,117.8,82.2,11.3,117.6,79.2,10.6,117.8,81.7,10.1,118.0,84.4,9.9,118.4,89.8,10.1,118.2,87.0,10.3,118.6,93.5,10.6,119.3,100.0,11.2,119.7,100.0,11.7,120.5,100.0,12.6,12.6,12.6,12.6
87,1988-10-31,5399.509,120.3,97.1,13.2,120.1,94.4,13.4,120.3,96.9,13.4,119.7,88.4,12.8,120.0,92.4,12.5,120.1,94.5,12.3,120.4,97.4,12.1,120.4,97.5,12.1,119.4,83.7,11.6,118.7,75.0,10.7,118.5,71.2,9.7,118.7,74.1,8.8,119.2,80.6,8.5,8.5,8.5,8.5
88,1989-01-31,5511.253,120.0,92.7,8.9,120.3,96.8,9.4,120.0,92.2,9.7,119.8,90.3,9.8,119.7,88.7,9.4,119.8,90.2,9.0,120.4,97.8,8.9,120.1,93.4,8.8,119.1,80.3,8.4,118.7,74.2,7.7,118.7,73.8,6.8,118.9,76.6,6.2,118.8,75.4,5.9,5.9,5.9,5.9
89,1989-04-30,5612.463,118.5,71.0,5.7,118.3,69.0,5.5,118.6,73.1,5.3,118.5,72.1,5.2,119.2,81.2,5.4,120.0,91.9,6.0,119.9,91.3,6.5,119.6,86.4,6.8,120.5,98.9,7.3,120.1,93.7,7.3,120.7,100.0,7.6,120.7,100.0,8.1,120.5,97.0,8.0,8.0,8.0,8.0
90,1989-07-31,5695.365,121.2,100.0,8.4,121.4,100.0,8.7,120.8,92.8,8.6,120.6,89.3,8.6,121.9,100.0,8.8,122.5,100.0,9.1,122.4,98.3,9.7,122.2,96.1,10.2,122.0,93.0,10.1,121.7,89.7,9.6,122.0,94.0,9.4,120.7,74.9,8.6,119.8,63.0,7.7,7.7,7.7,7.7
91,1989-10-31,5747.237,118.8,48.9,6.4,118.5,45.6,4.9,118.4,44.2,4.1,118.4,44.4,3.6,118.5,45.9,3.5,118.7,48.3,3.6,118.9,51.5,3.9,118.8,49.4,4.1,119.0,52.8,4.3,119.7,61.3,4.8,119.5,59.3,5.0,118.5,45.8,4.9,117.3,29.3,4.2,4.2,4.2,4.2
92,1990-01-31,5872.701,116.0,11.0,2.7,116.5,17.4,1.5,116.3,15.5,0.7,116.4,16.0,0.4,115.7,7.0,0.4,116.1,12.0,0.4,116.1,11.9,0.4,116.4,16.1,0.5,115.6,5.7,0.6,115.5,4.9,0.5,115.4,2.3,0.3,115.6,5.5,0.1,114.3,-12.7,-0.3,-0.3,-0.3,-0.3
93,1990-04-30,5960.028,113.9,-18.3,-0.9,114.1,-15.7,-1.3,114.8,-5.5,-1.5,115.1,-0.9,-1.0,114.8,-5.5,-0.5,114.6,-7.6,-0.2,114.4,-11.5,-0.2,113.9,-18.3,-0.6,113.4,-24.1,-1.0,113.4,-25.0,-1.3,113.1,-28.2,-1.6,113.2,-26.8,-1.7,112.6,-35.0,-1.8,-1.8,-1.8,-1.8
94,1990-07-31,6015.116,112.6,-36.1,-1.9,111.6,-48.8,-2.2,111.4,-52.3,-2.7,110.3,-67.1,-3.4,109.2,-81.7,-4.4,109.2,-81.7,-5.1,108.8,-87.2,-5.8,108.3,-94.1,-6.2,107.3,-108.3,-6.6,107.2,-110.2,-7.0,106.6,-117.5,-7.5,105.9,-127.9,-8.1,105.9,-127.6,-8.2,-8.2,-8.2,-8.2
95,1990-10-31,6004.733,104.8,-142.1,-8.7,104.4,-148.6,-9.2,104.2,-151.0,-9.5,104.1,-152.3,-9.8,102.6,-172.1,-10.3,102.5,-174.6,-10.6,102.5,-173.9,-10.8,102.1,-180.2,-11.2,102.2,-178.5,-10.9,102.0,-180.5,-10.6,101.5,-187.5,-10.6,100.9,-195.8,-10.5,101.4,-189.1,-10.4,101.6,-186.9,-10.0
96,1991-01-31,6035.178,101.5,-187.7,-9.6,101.6,-185.8,-8.8,101.5,-187.2,-8.3,100.2,-206.2,-8.5,99.6,-213.3,-8.8,99.0,-222.5,-9.5,98.3,-231.4,-10.3,98.8,-224.6,-10.4,99.5,100.0,-10.0,99.4,98.2,-9.3,99.7,100.0,-8.2,100.1,100.0,-7.2,-7.2,-7.2,-7.2,-7.2,-7.2,-7.2
97,1991-04-30,6126.862,99.9,96.4,-6.5,100.0,98.6,-5.8,99.7,93.4,-5.3,99.7,92.8,-5.1,100.0,98.5,-4.6,100.4,100.0,-3.9,99.9,91.3,-3.3,100.0,92.7,-2.7,99.9,91.7,-2.2,100.2,96.6,-1.9,100.5,100.0,-1.1,100.8,100.0,-0.3,101.3,100.0,0.7,0.7,0.7,0.7
98,1991-07-31,6205.937,101.5,100.0,1.8,101.6,100.0,2.7,101.6,100.0,3.5,101.4,95.7,3.9,101.8,100.0,4.4,101.9,100.0,4.9,101.6,95.4,5.2,101.4,91.2,5.5,101.6,95.0,5.6,101.6,95.8,5.7,101.4,91.3,5.9,101.3,90.2,6.0,101.9,99.5,6.4,101.3,90.4,6.4
99,1991-10-31,6264.54,101.2,88.1,6.5,101.1,87.0,6.5,100.5,77.7,6.0,100.5,77.6,5.7,101.1,87.0,5.8,100.9,83.8,5.8,101.0,84.6,6.1,101.8,97.9,6.8,103.4,100.0,7.9,103.9,100.0,9.4,103.7,97.8,10.7,103.9,100.0,11.7,103.8,99.3,11.9,11.9,11.9,11.9
100,1992-01-31,6363.102,103.5,94.0,11.6,103.7,97.6,11.5,103.6,95.7,11.3,105.1,100.0,11.8,105.3,100.0,12.6,105.7,100.0,13.5,106.0,100.0,14.5,106.4,100.0,14.9,105.6,86.7,14.7,105.0,78.4,14.1,105.0,78.6,13.3,105.5,85.3,12.6,104.6,70.9,11.9,11.9,11.9,11.9
101,1992-04-30,6470.763,104.2,65.4,11.3,103.9,60.2,10.5,103.7,57.1,9.5,103.7,57.3,8.9,103.9,60.0,8.6,103.4,52.5,8.2,103.5,54.6,8.0,103.5,54.4,7.8,103.8,58.2,7.6,103.8,59.4,7.7,104.5,69.4,8.0,105.1,78.8,8.6,105.4,84.9,9.3,9.3,9.3,9.3
102,1992-07-31,6566.641,105.8,90.3,10.1,105.1,79.3,10.3,105.8,90.4,10.5,106.2,96.9,10.7,106.7,100.0,11.0,107.1,100.0,11.8,107.6,100.0,12.5,107.3,96.2,12.8,107.3,96.7,12.9,107.1,92.7,12.7,107.4,96.9,12.3,108.0,100.0,12.5,108.5,100.0,12.8,12.8,12.8,12.8
103,1992-10-31,6680.803,108.9,100.0,13.5,109.5,100.0,14.3,109.8,100.0,14.8,110.0,100.0,15.2,110.4,100.0,15.6,110.8,100.0,15.9,110.8,100.0,16.0,111.6,100.0,16.4,111.8,100.0,16.7,111.7,97.3,16.7,111.9,100.0,16.9,112.4,100.0,17.0,113.0,100.0,17.2,17.2,17.2,17.2
104,1993-01-31,6729.459,113.6,100.0,17.9,114.6,100.0,18.8,114.7,100.0,19.6,114.2,92.3,19.7,114.4,94.4,19.7,114.7,98.7,19.3,114.4,95.5,18.8,114.6,97.8,18.6,114.3,93.0,18.2,113.8,85.7,17.5,113.7,85.4,16.8,113.5,81.9,16.0,113.0,74.1,15.0,15.0,15.0,15.0
105,1993-04-30,6808.939,113.2,76.9,14.4,113.6,83.1,14.0,113.4,79.7,13.7,114.9,100.0,14.2,115.6,100.0,15.0,116.3,100.0,15.8,116.3,100.0,16.8,116.2,98.5,16.9,115.6,90.4,16.5,115.5,89.0,15.7,115.9,94.0,15.0,115.7,90.7,14.3,116.0,95.4,14.1,14.1,14.1,14.1
106,1993-07-31,6882.098,116.1,97.1,13.9,116.1,96.5,13.6,116.3,100.0,13.5,116.8,100.0,13.5,117.1,100.0,13.6,117.2,100.0,13.7,117.5,100.0,13.9,117.1,94.1,13.6,117.2,95.0,13.3,117.3,96.9,13.0,117.6,100.0,12.6,118.1,100.0,12.7,118.8,100.0,13.1,13.1,13.1,13.1
107,1993-10-31,7013.738,119.3,100.0,13.6,119.7,100.0,14.2,120.1,100.0,14.7,120.2,100.0,15.0,120.2,100.0,15.0,120.6,100.0,15.1,120.5,99.4,14.9,120.9,100.0,14.9,121.8,100.0,15.2,122.4,100.0,15.7,123.6,100.0,16.7,123.8,100.0,17.6,124.7,100.0,18.5,18.5,18.5,18.5
108,1994-01-31,7115.652,124.6,98.2,19.1,124.6,97.5,19.1,124.6,97.4,19.1,124.1,90.8,18.4,122.5,70.3,17.1,121.4,54.6,15.4,120.9,48.1,13.5,120.7,44.9,11.7,120.7,45.9,10.7,120.7,45.6,10.2,121.2,52.0,10.1,121.0,49.4,10.1,122.3,67.2,10.5,10.5,10.5,10.5
109,1994-04-30,7246.931,123.1,77.7,11.2,123.0,76.2,11.7,123.4,81.2,12.4,123.1,77.4,12.4,123.0,76.0,12.0,123.2,79.5,11.9,123.3,80.7,11.6,123.1,77.6,11.3,123.0,76.5,11.1,123.2,79.0,10.9,123.7,85.4,10.8,124.1,91.6,11.0,123.8,87.6,11.0,11.0,11.0,11.0
110,1994-07-31,7331.075,124.1,90.8,11.2,124.3,93.8,11.2,124.5,96.5,11.0,124.8,100.0,11.2,125.2,100.0,11.4,125.3,100.0,11.5,125.3,99.8,11.6,125.4,100.0,11.6,125.6,100.0,11.5,125.9,100.0,11.5,126.3,100.0,11.6,127.2,100.0,12.1,127.4,100.0,12.5,12.5,12.5,12.5
111,1994-10-31,7455.288,128.2,100.0,13.2,128.5,100.0,13.8,128.8,100.0,14.2,128.6,97.7,14.4,128.9,100.0,14.4,129.1,100.0,14.3,129.4,100.0,14.3,130.0,100.0,14.6,129.4,92.1,14.5,128.9,85.2,14.2,129.1,88.6,13.8,129.6,94.5,13.4,129.1,88.3,13.1,13.1,13.1,13.1
112,1995-01-31,7522.289,129.5,93.6,13.2,129.9,98.1,13.3,130.2,100.0,13.4,130.2,100.0,13.6,130.2,99.0,13.7,130.0,97.0,13.6,130.3,100.0,13.4,130.4,100.0,13.2,130.1,96.0,12.9,129.7,90.8,12.5,129.9,93.1,12.0,129.8,92.0,11.5,130.6,100.0,11.4,11.4,11.4,11.4
113,1995-04-30,7580.997,130.8,100.0,11.6,131.4,100.0,11.9,131.8,100.0,12.5,131.6,97.4,12.6,131.4,95.2,12.6,131.8,100.0,12.5,131.7,97.7,12.1,131.9,100.0,12.0,132.8,100.0,12.3,133.2,100.0,12.6,134.0,100.0,13.2,134.0,99.7,13.7,134.3,100.0,14.0,14.0,14.0,14.0
114,1995-07-31,7683.125,135.2,100.0,14.4,135.7,100.0,14.8,135.8,100.0,15.2,135.8,100.0,15.4,136.2,100.0,15.4,136.6,100.0,15.4,137.2,100.0,15.6,137.5,100.0,15.9,136.9,91.9,15.8,136.7,89.6,15.5,136.6,88.6,14.9,136.5,87.6,14.2,136.0,81.8,13.5,13.5,13.5,13.5
115,1995-10-31,7772.586,135.8,79.0,12.9,135.9,80.3,12.4,136.1,82.2,11.9,136.2,83.4,11.7,136.7,90.2,11.9,137.0,93.3,12.1,137.8,100.0,12.5,137.7,99.8,12.8,137.7,99.3,12.9,137.9,100.0,13.0,138.1,100.0,12.9,138.0,99.0,12.8,138.1,100.0,12.7,12.7,12.7,12.7
116,1996-01-31,7868.468,138.5,100.0,12.7,139.5,100.0,12.9,139.7,100.0,13.3,139.6,99.0,13.6,139.7,100.0,13.7,139.8,100.0,13.5,139.6,97.3,13.2,140.0,100.0,13.1,140.6,100.0,13.1,140.5,99.0,13.1,140.7,100.0,13.2,140.8,100.0,13.2,140.7,98.8,12.9,12.9,12.9,12.9
117,1996-04-30,8032.84,141.0,100.0,12.8,140.7,96.5,12.5,141.3,100.0,12.3,141.9,100.0,12.5,142.4,100.0,12.7,142.5,100.0,13.1,142.9,100.0,13.4,143.1,100.0,13.5,143.1,99.7,13.4,143.3,100.0,13.4,143.0,95.9,13.1,142.5,90.8,12.6,142.6,91.3,12.2,12.2,12.2,12.2
118,1996-07-31,8131.408,142.3,88.3,11.6,143.3,99.7,11.4,143.4,100.0,11.6,143.4,99.6,11.6,143.8,100.0,12.0,143.6,97.6,11.9,143.9,100.0,11.8,145.1,100.0,12.2,145.7,100.0,12.7,146.1,100.0,13.4,146.7,100.0,14.2,146.8,100.0,14.6,147.6,100.0,14.9,146.6,88.7,14.8
119,1996-10-31,8259.771,146.3,85.1,14.4,146.8,91.4,14.0,146.9,92.6,13.5,147.1,94.9,13.4,147.4,97.7,13.5,146.5,88.2,13.1,145.5,76.1,12.3,146.5,87.8,11.8,146.6,88.2,11.2,146.6,88.9,11.0,146.8,90.8,11.3,147.7,100.0,11.4,148.2,100.0,11.8,11.8,11.8,11.8
120,1997-01-31,8362.655,148.7,100.0,12.2,149.5,100.0,13.0,150.3,100.0,13.6,150.3,100.0,14.1,150.0,95.6,14.3,150.7,100.0,14.4,150.4,97.2,14.1,150.6,98.7,13.9,149.4,86.0,13.4,149.1,81.8,12.6,148.4,75.0,11.6,149.1,82.1,10.8,10.8,10.8,10.8,10.8,10.8,10.8
121,1997-04-30,8518.825,149.6,88.0,10.7,150.6,98.7,11.0,151.0,100.0,11.6,151.4,100.0,12.2,151.3,98.5,12.5,151.0,95.5,12.4,151.1,96.5,12.1,152.0,100.0,12.1,152.3,100.0,12.2,152.0,97.2,12.3,152.4,100.0,12.5,152.8,100.0,12.6,153.3,100.0,12.7,154.2,100.0,13.2
122,1997-07-31,8662.823,154.9,100.0,13.7,155.0,100.0,14.2,154.5,95.6,14.3,154.5,94.7,14.1,154.3,93.2,13.6,154.8,98.4,13.2,155.0,100.0,13.1,156.1,100.0,13.3,156.1,99.4,13.7,156.9,100.0,14.1,156.9,100.0,14.4,156.9,99.9,14.4,156.6,96.4,14.3,14.3,14.3,14.3
123,1997-10-31,8765.907,156.6,96.7,14.0,156.8,99.0,13.7,157.2,100.0,13.5,157.4,100.0,13.5,157.5,100.0,13.5,157.5,100.0,13.5,157.1,95.4,13.2,156.6,90.1,12.6,157.5,100.0,12.4,157.7,100.0,12.2,156.4,86.0,11.6,157.1,92.9,11.5,157.1,92.8,11.1,11.1,11.1,11.1
124,1998-01-31,8866.48,157.5,97.1,10.8,158.4,100.0,11.2,158.5,100.0,11.4,159.6,100.0,12.0,160.5,100.0,12.8,161.1,100.0,13.5,161.8,100.0,14.3,162.2,100.0,14.9,162.1,98.5,15.1,162.4,100.0,15.3,162.8,100.0,15.3,162.9,100.0,15.1,162.1,91.3,14.8,14.8,14.8,14.8
125,1998-04-30,8969.699,162.6,97.4,14.5,162.9,100.0,14.2,163.1,100.0,13.9,163.7,100.0,14.1,163.6,99.3,14.1,164.2,100.0,14.2,164.1,99.4,14.2,164.5,100.0,14.2,164.8,100.0,14.2,163.5,86.5,13.7,163.8,89.5,13.3,163.7,88.6,12.7,163.1,82.0,11.9,11.9,11.9,11.9
126,1998-07-31,9121.097,162.1,71.8,11.1,161.8,68.9,10.3,162.5,76.3,9.7,162.8,79.1,9.4,160.9,59.5,8.9,160.7,58.0,8.3,161.7,67.7,7.9,161.9,69.7,7.5,162.3,74.3,7.8,160.8,58.6,7.6,160.5,56.3,7.1,162.1,72.0,7.1,162.8,79.8,7.2,7.2,7.2,7.2
127,1998-10-31,9293.991,163.8,90.0,8.0,164.7,99.1,9.2,164.7,98.5,9.8,166.1,100.0,10.6,166.3,100.0,11.2,166.2,98.7,11.5,165.8,94.3,11.6,166.9,100.0,11.6,168.9,100.0,12.2,169.1,100.0,12.9,169.3,100.0,13.7,169.1,97.9,14.1,168.6,93.0,13.7,13.7,13.7,13.7
128,1999-01-31,9411.682,169.4,100.0,13.5,168.9,95.4,13.1,169.0,96.4,12.8,168.2,88.1,12.4,167.2,78.2,11.5,167.9,84.8,10.9,168.2,87.9,10.5,167.9,84.9,10.2,167.3,79.7,10.1,167.8,84.4,9.9,167.8,83.9,9.7,167.2,77.7,9.3,168.3,89.2,9.5,9.5,9.5,9.5
129,1999-04-30,9526.21,168.6,92.4,9.6,168.8,94.5,9.8,169.1,96.9,10.3,169.1,96.8,10.4,169.1,97.0,10.4,170.2,100.0,10.6,170.2,100.0,10.8,170.9,100.0,11.2,170.9,100.0,11.7,171.9,100.0,12.0,172.0,100.0,12.4,172.3,100.0,12.7,171.7,94.4,12.7,12.7,12.7,12.7
130,1999-07-31,9686.626,171.3,90.7,12.4,171.4,91.5,12.0,172.0,97.0,11.6,172.4,100.0,11.6,172.0,96.0,11.6,172.3,98.4,11.6,172.3,98.7,11.5,171.9,95.3,11.1,170.9,85.3,10.5,171.3,88.6,10.0,171.9,94.8,9.6,171.4,89.6,9.2,171.5,91.1,9.2,9.2,9.2,9.2
131,1999-10-31,9900.169,172.7,100.0,9.3,173.2,100.0,9.5,173.7,100.0,10.0,175.3,100.0,10.9,175.0,97.1,11.4,175.3,100.0,11.8,175.4,100.0,12.1,176.0,100.0,12.1,176.2,100.0,12.3,175.9,97.1,12.2,175.9,97.4,12.2,176.4,100.0,12.1,176.0,96.1,11.9,11.9,11.9,11.9
132,2000-01-31,10002.179,176.1,97.1,11.8,176.0,96.5,11.6,175.3,89.7,11.1,174.6,82.8,10.6,174.4,80.9,9.9,174.5,82.3,9.3,175.0,87.5,9.1,176.8,100.0,9.6,177.9,100.0,10.5,177.4,95.5,11.1,177.9,99.9,11.7,176.5,87.3,11.4,178.4,100.0,11.4,11.4,11.4,11.4
133,2000-04-30,10247.72,178.4,100.0,11.4,178.0,95.6,11.2,178.8,100.0,11.7,178.5,97.2,11.5,177.3,85.3,11.0,177.9,91.0,10.7,177.2,84.7,10.1,177.1,83.2,9.5,176.4,77.4,9.0,176.5,77.6,8.5,176.7,79.8,8.2,176.6,78.4,8.0,175.1,64.5,7.5,7.5,7.5,7.5
134,2000-07-31,10318.165,174.2,56.5,6.7,174.6,59.7,6.1,174.5,58.8,5.4,174.5,59.4,5.2,175.1,64.7,5.4,175.6,69.6,5.6,175.0,64.0,5.7,174.6,60.2,5.7,174.1,55.4,5.3,174.1,55.5,4.8,173.7,51.6,4.4,172.3,38.8,3.7,173.4,48.6,3.5,3.5,3.5,3.5
135,2000-10-31,10435.744,174.3,56.9,3.5,174.7,60.6,3.7,173.9,53.7,4.1,172.8,43.6,3.9,171.5,31.4,3.2,170.9,25.0,2.2,171.7,33.0,1.6,170.6,22.2,1.1,169.4,10.9,0.6,168.9,6.4,0.1,168.0,-2.1,-0.8,168.0,-1.6,-1.3,169.2,9.6,-1.2,-1.2,-1.2,-1.2
136,2001-01-31,10470.231,169.4,11.5,-0.9,169.1,8.2,-0.5,168.0,-2.2,-0.3,167.5,-6.4,-0.6,165.6,-24.8,-1.6,164.8,-31.9,-2.6,163.3,-45.8,-3.6,161.7,-61.0,-5.0,161.0,-67.5,-6.0,160.5,-72.2,-6.9,160.5,-72.3,-7.3,161.6,-62.4,-7.1,160.9,-68.5,-6.8,-6.8,-6.8,-6.8
137,2001-04-30,10599.0,160.7,-70.5,-6.4,160.4,-73.6,-6.1,160.1,-76.3,-6.2,160.3,-74.7,-6.0,159.2,-84.4,-6.1,158.0,-95.5,-6.4,157.4,-102.0,-6.7,156.1,-113.9,-7.5,155.9,-115.8,-8.0,155.7,-117.2,-8.2,154.9,-125.4,-8.5,154.4,-129.9,-8.6,154.2,-131.4,-8.6,-8.6,-8.6,-8.6
138,2001-07-31,10598.02,154.8,-125.8,-8.5,154.4,-129.4,-8.2,153.8,-135.5,-7.9,153.0,-143.0,-7.9,152.9,-143.7,-8.0,151.9,-153.0,-8.3,150.6,-165.5,-8.7,149.5,-175.4,-9.2,148.0,-190.3,-10.1,148.4,-186.2,-10.6,148.2,-187.9,-10.8,148.1,-188.7,-10.7,147.2,-197.1,-10.4,-10.4,-10.4,-10.4
139,2001-10-31,10660.465,146.6,-203.2,-10.4,146.3,-205.4,-10.4,146.5,-203.8,-10.3,146.6,-202.7,-10.0,146.1,-207.3,-9.5,146.8,100.0,-8.9,147.0,100.0,-8.2,146.8,97.7,-7.6,147.5,100.0,-6.7,148.2,100.0,-5.8,149.2,100.0,-4.7,148.7,94.6,-3.6,148.8,95.6,-2.8,149.1,98.4,-2.1
140,2002-01-31,10783.5,148.9,96.9,-1.7,149.1,98.6,-1.2,149.1,98.5,-0.6,148.2,88.8,-0.5,148.8,94.8,-0.1,148.9,96.5,0.3,148.8,95.0,0.6,148.8,94.7,1.1,148.9,96.2,1.4,148.1,87.4,1.5,147.7,82.3,1.4,147.6,81.4,1.3,1.3,1.3,1.3,1.3,1.3,1.3
141,2002-04-30,10887.46,146.8,73.1,1.0,146.4,68.0,0.8,146.4,68.2,0.7,146.6,70.4,0.7,147.0,74.9,1.1,146.7,71.1,1.5,146.4,67.9,1.8,146.4,68.4,2.0,146.7,71.1,2.2,146.6,70.7,2.4,146.8,72.9,2.8,146.2,65.8,3.0,144.6,48.2,2.5,2.5,2.5,2.5
142,2002-07-31,10984.04,145.8,61.5,2.5,145.4,57.4,2.2,146.4,68.7,2.5,147.5,80.5,3.7,147.6,81.4,4.5,146.7,72.0,5.1,146.4,68.3,5.2,146.0,63.7,4.8,145.2,54.4,4.2,145.2,54.3,3.7,144.3,44.4,3.1,145.4,56.6,3.0,147.1,75.7,3.7,147.7,82.3,4.6
143,2002-10-31,11061.433,148.2,88.9,5.9,147.9,85.5,6.8,148.5,92.1,7.3,149.7,100.0,7.9,149.9,100.0,8.4,149.7,97.4,9.0,149.1,90.4,9.1,149.0,90.0,8.7,149.1,91.0,8.4,150.0,100.0,8.5,150.6,100.0,9.0,150.2,96.0,9.3,149.9,92.2,9.5,9.5,9.5,9.5
144,2003-01-31,11174.129,149.2,84.4,9.2,149.0,83.0,8.7,149.0,82.4,8.2,148.8,80.1,7.9,148.2,73.3,7.5,147.3,63.6,7.0,148.0,70.8,6.6,148.6,78.2,6.6,147.3,64.0,6.3,147.2,62.7,6.3,146.9,58.9,6.0,147.2,62.8,5.5,5.5,5.5,5.5,5.5,5.5,5.5
145,2003-04-30,11312.766,147.3,64.1,5.6,147.7,68.0,5.7,147.7,67.8,6.0,147.6,66.8,6.1,148.1,72.8,6.3,149.2,84.8,6.8,149.5,88.4,7.4,150.3,97.2,8.2,150.7,100.0,9.0,151.1,100.0,9.6,151.5,100.0,10.1,152.1,100.0,10.6,152.3,100.0,11.0,153.6,100.0,11.8
146,2003-07-31,11566.669,153.8,100.0,12.4,154.4,100.0,13.0,155.1,100.0,13.7,155.2,100.0,14.0,155.8,100.0,14.5,156.0,100.0,14.8,156.0,100.0,14.9,156.7,100.0,15.1,156.3,96.2,15.1,157.3,100.0,15.2,157.8,100.0,15.5,158.4,100.0,15.8,158.3,99.1,16.1,16.1,16.1,16.1
147,2003-10-31,11772.234,158.8,100.0,16.3,159.0,100.0,16.4,158.9,98.9,16.3,160.1,100.0,16.6,161.2,100.0,17.1,161.7,100.0,17.7,162.2,100.0,18.5,163.3,100.0,19.3,163.5,100.0,19.7,163.8,100.0,20.1,164.3,100.0,20.4,165.1,100.0,20.6,166.0,100.0,21.1,21.1,21.1,21.1
148,2004-01-31,11923.447,166.3,100.0,21.6,167.1,100.0,22.1,167.2,100.0,22.3,167.7,100.0,22.4,168.4,100.0,22.6,168.9,100.0,22.7,168.4,95.2,22.5,168.4,95.5,22.2,168.5,96.3,21.6,169.4,100.0,21.3,169.7,100.0,21.1,169.5,97.9,20.9,170.8,100.0,21.0,21.0,21.0,21.0
149,2004-04-30,12112.815,171.5,100.0,21.1,171.6,100.0,21.1,171.9,100.0,21.3,171.9,100.0,21.0,172.1,100.0,20.5,172.9,100.0,20.3,173.3,100.0,20.2,173.1,97.8,19.9,173.5,100.0,19.7,173.8,100.0,19.4,173.7,99.4,19.0,174.2,100.0,18.8,173.4,91.4,18.2,18.2,18.2,18.2
150,2004-07-31,12305.307,173.4,91.8,17.5,173.0,87.5,16.7,172.9,87.3,15.8,173.2,89.7,15.3,173.3,90.9,14.8,173.6,93.4,14.5,173.8,95.6,14.4,173.8,95.8,14.1,174.5,100.0,14.1,175.8,100.0,14.3,176.5,100.0,14.7,176.7,100.0,15.1,177.6,100.0,15.6,15.6,15.6,15.6
151,2004-10-31,12527.214,178.8,100.0,16.1,180.2,100.0,16.7,180.9,100.0,17.5,182.4,100.0,18.4,183.3,100.0,19.3,183.5,100.0,19.8,184.1,100.0,20.2,184.7,100.0,20.3,184.4,97.4,20.1,183.2,86.5,19.5,183.2,86.3,18.7,182.8,83.5,17.6,182.6,80.9,16.6,16.6,16.6,16.6
152,2005-01-31,12767.286,183.6,90.0,16.3,184.2,96.2,16.2,184.8,100.0,16.4,185.1,100.0,16.7,185.6,100.0,16.9,185.6,100.0,16.9,185.7,100.0,16.7,185.2,95.9,16.4,186.5,100.0,16.2,186.9,100.0,16.2,187.5,100.0,16.3,187.2,97.2,16.5,188.3,100.0,16.6,16.6,16.6,16.6
153,2005-04-30,12922.656,188.6,100.0,16.7,189.2,100.0,16.8,189.2,100.0,16.9,189.6,100.0,16.9,189.4,98.4,16.7,189.4,98.6,16.4,189.0,95.3,15.9,189.4,98.1,15.5,189.3,97.9,15.1,189.8,100.0,14.8,190.3,100.0,14.8,190.9,100.0,14.9,191.0,100.0,15.0,15.0,15.0,15.0
154,2005-07-31,13142.642,191.4,100.0,15.0,191.6,100.0,15.0,191.7,100.0,14.9,192.6,100.0,14.9,192.9,100.0,14.9,193.8,100.0,15.1,194.3,100.0,15.4,193.6,94.1,15.2,191.3,74.3,14.3,189.8,60.9,12.8,188.4,48.5,10.8,187.9,44.9,9.0,188.1,46.6,7.8,7.8,7.8,7.8
155,2005-10-31,13324.204,188.8,52.7,7.3,189.8,60.7,7.5,190.3,65.6,7.9,190.9,70.4,8.4,192.2,82.2,9.1,194.0,97.3,10.1,195.1,100.0,11.1,195.4,100.0,12.1,194.5,92.6,12.5,193.8,86.4,12.2,194.2,89.8,11.8,194.9,95.7,11.4,195.0,96.6,11.3,11.3,11.3,11.3
156,2006-01-31,13599.16,196.1,100.0,11.7,195.9,98.3,11.9,196.4,100.0,12.0,197.1,100.0,12.3,197.1,100.0,12.4,196.7,96.9,12.4,197.3,100.0,12.4,197.7,100.0,12.3,196.9,93.0,12.0,196.5,90.1,11.7,196.6,90.3,11.2,196.5,90.2,10.7,197.7,100.0,10.7,10.7,10.7,10.7
157,2006-04-30,13753.424,198.1,100.0,11.0,199.3,100.0,11.5,198.9,97.0,11.9,198.2,91.0,11.9,198.5,93.4,11.8,198.8,95.4,11.4,197.9,87.9,11.0,197.9,87.8,10.7,197.6,85.7,10.3,197.9,88.3,9.9,197.8,87.5,9.7,196.3,74.7,9.1,196.3,74.6,8.6,8.6,8.6,8.6
158,2006-07-31,13870.188,197.0,80.4,8.3,196.9,79.6,7.9,196.7,78.0,7.9,197.1,81.3,8.0,196.0,71.8,7.6,195.4,67.2,7.2,194.9,62.6,6.7,195.0,64.0,6.1,196.0,72.1,6.1,196.7,77.8,6.3,197.3,82.8,6.9,197.6,85.7,7.4,197.3,83.4,7.6,7.6,7.6,7.6
159,2006-10-31,14039.56,197.4,84.0,7.6,197.1,81.6,7.4,197.5,84.7,7.2,197.4,83.7,7.1,195.7,69.9,6.5,195.0,63.5,5.9,195.0,63.7,5.1,194.8,61.8,4.5,194.9,62.8,4.2,195.6,68.9,4.4,195.9,71.1,4.6,195.8,70.3,4.8,195.4,67.2,4.9,4.9,4.9,4.9
160,2007-01-31,14215.651,194.7,61.1,4.7,195.1,64.7,4.5,194.6,60.0,4.2,194.9,63.2,4.1,192.6,43.2,3.6,191.2,31.4,2.7,190.6,26.3,1.7,191.0,29.6,0.9,190.7,27.8,0.5,190.5,25.6,0.5,190.5,26.2,0.6,190.8,28.1,0.7,190.8,28.4,0.8,0.8,0.8,0.8
161,2007-04-30,14402.082,191.4,33.6,1.1,191.8,36.3,1.5,192.2,39.9,2.0,192.4,41.7,2.5,193.4,50.3,3.1,193.7,52.4,3.7,193.5,51.2,4.2,193.8,53.5,4.6,193.1,47.7,4.6,192.4,42.2,4.4,192.3,41.3,4.2,192.1,39.3,3.9,190.9,28.7,3.4,3.4,3.4,3.4
162,2007-07-31,14564.117,189.4,16.5,2.8,188.9,12.5,2.0,188.1,5.9,1.1,187.8,3.3,0.5,187.7,2.1,0.3,187.6,1.0,0.1,187.2,-2.2,0.0,187.9,3.6,0.2,187.3,-1.4,0.2,187.0,-3.6,0.2,187.1,-3.2,0.4,186.7,-5.9,0.2,185.8,-13.5,0.1,0.1,0.1,0.1
163,2007-10-31,14715.058,185.0,-20.5,-0.2,184.0,-28.9,-0.8,182.7,-39.6,-1.6,182.0,-45.6,-2.3,182.2,-44.6,-2.7,182.9,-38.4,-2.7,183.4,-34.1,-2.3,182.6,-41.2,-1.9,180.9,-55.3,-2.0,179.3,-69.0,-2.7,177.5,-83.9,-3.9,176.1,-95.3,-5.2,174.8,-106.7,-6.4,174.4,-109.7,-7.2
164,2008-01-31,14706.538,173.7,-115.4,-7.8,173.2,-120.4,-8.2,172.9,-122.9,-8.3,173.0,-122.0,-8.3,172.1,-129.7,-8.3,171.2,-137.3,-8.4,170.9,-139.6,-8.6,170.7,-141.0,-8.8,170.0,-147.2,-9.0,169.8,-148.6,-8.9,169.1,-154.6,-9.0,169.8,-149.0,-8.9,-8.9,-8.9,-8.9,-8.9,-8.9,-8.9
165,2008-04-30,14865.701,168.7,-157.6,-8.8,168.1,-162.7,-8.9,167.4,-169.3,-8.9,167.2,-170.5,-9.1,166.2,-178.8,-9.3,166.1,-180.3,-9.4,165.1,-188.0,-9.5,164.9,-190.1,-9.6,163.4,-202.6,-9.8,162.0,-214.5,-10.3,160.8,-224.3,-10.9,160.0,-231.6,-11.6,160.4,-228.0,-11.8,158.8,-241.0,-12.1
166,2008-07-31,14898.999,158.1,-247.3,-12.2,157.5,-252.6,-12.3,156.9,-257.3,-12.6,155.8,-266.7,-12.9,155.4,-270.5,-13.0,153.7,-284.0,-13.4,153.0,-290.6,-13.9,151.4,-303.8,-14.4,149.6,-319.1,-15.3,147.3,-338.0,-16.3,144.6,-361.0,-17.8,143.9,-367.0,-19.0,142.1,-381.9,-20.2,-20.2,-20.2,-20.2
167,2008-10-31,14608.208,142.9,-375.5,-20.6,140.4,-396.4,-21.0,138.4,-413.2,-21.7,136.2,-432.2,-22.5,135.8,-435.3,-23.6,134.1,-449.6,-24.4,133.3,-456.7,-25.0,132.4,-464.2,-25.2,131.5,-471.9,-25.5,131.1,-474.6,-25.5,129.6,-487.8,-25.6,128.0,-501.0,-26.0,126.9,-510.5,-26.4,-26.4,-26.4,-26.4
168,2009-01-31,14430.901,125.7,-520.6,-27.0,125.2,-525.0,-27.4,123.5,-539.2,-27.8,120.5,-563.9,-28.7,118.2,-583.9,-29.8,116.3,-600.0,-31.3,117.0,-593.8,-32.2,117.2,-592.1,-32.2,117.2,-591.7,-31.6,117.2,-592.5,-30.5,117.2,-592.4,-29.6,116.8,-595.7,-28.8,115.6,-605.5,-28.4,-28.4,-28.4,-28.4
169,2009-04-30,14381.236,115.5,-606.1,-27.9,114.9,-611.7,-27.6,114.0,-618.7,-27.5,113.3,-625.4,-27.2,113.6,-622.3,-26.8,113.4,-623.9,-26.3,113.2,-625.5,-25.5,113.3,-624.8,-24.5,114.0,100.0,-23.4,113.2,88.8,-22.5,114.2,100.0,-21.2,115.7,100.0,-19.4,116.8,100.0,-17.5,-17.5,-17.5,-17.5
170,2009-07-31,14448.882,117.3,100.0,-15.1,117.6,100.0,-13.0,117.6,100.0,-11.3,118.4,100.0,-9.7,118.4,99.6,-8.4,118.7,100.0,-7.0,119.1,100.0,-5.5,119.6,100.0,-4.1,119.5,99.4,-2.8,119.4,97.7,-1.6,120.0,100.0,-0.4,120.5,100.0,0.8,119.7,89.1,1.7,1.7,1.7,1.7
171,2009-10-31,14651.248,119.1,80.7,2.3,119.6,87.6,2.9,120.1,94.6,3.4,120.4,97.9,4.3,120.4,98.8,5.4,120.8,100.0,6.4,121.3,100.0,7.4,121.8,100.0,8.4,121.9,100.0,9.5,122.2,100.0,10.4,122.8,100.0,11.4,122.9,100.0,12.2,122.0,87.1,12.4,12.4,12.4,12.4
172,2010-01-31,14764.611,121.5,80.6,12.4,121.0,74.3,11.8,121.2,76.5,11.2,121.4,79.4,11.1,121.6,82.3,11.3,122.1,88.7,11.7,122.4,93.3,12.2,122.7,97.1,12.6,122.6,95.8,12.9,123.0,100.0,13.1,123.1,100.0,13.2,123.2,100.0,13.2,124.1,100.0,13.6,13.6,13.6,13.6
173,2010-04-30,14980.193,124.5,100.0,14.0,124.3,96.6,14.3,124.2,96.0,14.5,123.9,90.9,14.0,124.2,96.2,13.6,124.6,100.0,13.4,125.3,100.0,13.5,125.7,100.0,13.8,123.7,73.2,13.2,121.9,49.4,11.7,121.5,44.6,9.8,121.2,40.1,7.6,121.8,48.0,6.6,6.6,6.6,6.6
174,2010-07-31,15141.605,122.1,52.3,6.5,122.4,57.0,6.7,122.1,51.8,6.9,121.3,41.1,6.5,120.9,36.1,5.9,121.2,40.4,5.3,121.4,43.3,4.9,121.7,47.1,5.0,121.9,49.8,5.4,122.1,52.7,5.7,122.6,58.9,6.1,122.9,62.5,6.5,123.9,76.9,7.2,7.2,7.2,7.2
175,2010-10-31,15309.471,124.6,86.0,8.1,125.5,98.5,9.2,125.6,99.5,10.2,125.4,96.5,10.6,125.1,91.9,10.6,125.8,100.0,10.5,126.0,100.0,10.6,126.5,100.0,10.9,126.4,98.4,11.3,126.5,99.6,11.4,127.3,100.0,11.8,127.9,100.0,12.2,128.5,100.0,12.9,12.9,12.9,12.9
176,2011-01-31,15351.444,129.2,100.0,13.8,130.0,100.0,14.8,130.4,100.0,15.6,130.8,100.0,16.3,130.4,93.9,16.5,130.3,93.6,16.3,130.0,89.6,15.8,130.1,90.4,15.3,129.6,83.9,14.7,129.2,79.2,14.0,128.9,74.8,13.3,128.6,71.9,12.5,129.8,86.6,12.4,12.4,12.4,12.4
177,2011-04-30,15557.535,130.2,91.7,12.6,130.1,90.7,12.9,130.3,92.6,13.4,130.2,92.3,13.3,130.3,93.0,13.2,130.1,90.7,13.0,129.9,88.5,12.7,130.0,89.8,12.4,129.9,88.0,12.1,130.6,97.1,12.1,130.6,97.1,12.2,130.5,95.3,12.2,130.5,96.2,12.1,12.1,12.1,12.1
178,2011-07-31,15647.681,129.7,85.0,11.5,128.0,63.9,10.2,128.3,67.0,9.1,127.4,55.3,7.6,128.0,63.4,6.8,127.8,61.3,6.5,127.5,56.9,6.0,127.8,61.3,6.0,127.1,52.2,5.5,126.9,49.4,5.0,128.0,63.0,5.0,128.5,70.1,5.1,129.1,77.9,5.7,5.7,5.7,5.7
179,2011-10-31,15842.267,129.6,84.1,6.6,129.9,87.7,7.2,130.2,92.1,7.7,129.3,79.9,7.6,128.9,75.8,7.2,130.4,94.9,7.3,130.5,96.2,7.3,130.8,99.4,7.7,131.5,100.0,8.6,131.8,100.0,9.0,132.3,100.0,9.5,133.2,100.0,10.3,133.6,100.0,11.0,11.0,11.0,11.0
180,2012-01-31,16068.824,134.0,100.0,11.7,134.6,100.0,12.4,135.1,100.0,13.0,135.7,100.0,13.7,135.6,99.6,14.1,135.4,96.9,14.3,135.8,100.0,14.4,136.3,100.0,14.5,137.1,100.0,14.9,137.6,100.0,15.6,137.8,100.0,16.2,137.9,100.0,16.6,137.5,94.2,16.4,16.4,16.4,16.4
181,2012-04-30,16207.13,137.8,97.9,16.2,137.4,93.8,15.8,136.9,86.9,15.1,136.3,79.6,14.4,136.4,81.6,13.7,135.8,74.2,12.9,136.2,78.9,12.4,136.6,84.0,12.4,136.8,86.6,12.3,137.6,96.2,12.8,137.8,98.6,13.3,138.0,100.0,13.6,137.9,98.8,13.8,13.8,13.8,13.8
182,2012-07-31,16319.54,138.3,100.0,13.8,138.5,100.0,13.8,138.8,100.0,13.9,139.0,100.0,14.0,139.0,99.2,13.9,138.8,97.7,13.7,139.3,100.0,13.6,139.8,100.0,13.5,140.0,100.0,13.6,140.2,100.0,13.7,140.4,100.0,13.8,140.5,100.0,13.7,140.4,98.4,13.5,13.5,13.5,13.5
183,2012-10-31,16420.386,140.5,100.0,13.2,141.2,100.0,13.1,140.2,87.9,12.7,140.0,85.7,12.2,140.1,87.2,11.7,140.5,91.5,11.1,141.0,98.2,11.2,141.2,100.0,11.3,142.3,100.0,11.8,142.7,100.0,12.3,144.0,100.0,13.1,144.5,100.0,14.0,145.2,100.0,14.7,145.5,100.0,15.4
184,2013-01-31,16629.05,145.6,100.0,15.7,146.3,100.0,16.0,146.6,100.0,16.2,147.7,100.0,16.7,148.7,100.0,17.5,149.8,100.0,18.4,150.2,100.0,19.4,150.5,100.0,20.1,150.7,100.0,20.4,150.7,99.7,20.3,150.8,100.0,20.1,151.1,100.0,19.9,19.9,19.9,19.9,19.9,19.9,19.9
185,2013-04-30,16699.551,151.6,100.0,19.8,152.1,100.0,20.0,152.5,100.0,20.2,153.3,100.0,20.5,153.5,100.0,20.8,153.5,99.9,20.8,153.7,100.0,20.7,154.0,100.0,20.4,153.4,93.6,19.9,153.9,99.1,19.5,154.2,100.0,19.2,154.2,99.3,18.8,154.7,100.0,18.8,18.8,18.8,18.8
186,2013-07-31,16911.068,156.0,100.0,19.1,156.6,100.0,19.4,157.2,100.0,20.0,155.5,82.3,19.8,154.8,74.7,18.8,154.5,71.2,17.6,155.4,81.2,16.5,156.2,89.6,16.3,156.6,94.3,16.5,156.1,88.7,16.6,155.8,85.6,16.3,156.4,91.3,15.9,157.0,98.4,15.6,158.2,100.0,15.9
187,2013-10-31,17133.114,158.9,100.0,16.5,159.8,100.0,17.2,160.2,100.0,17.8,162.1,100.0,18.6,163.2,100.0,19.5,164.0,100.0,20.3,163.7,97.5,20.9,164.1,100.0,20.9,164.8,100.0,20.8,165.1,100.0,20.6,164.8,96.5,20.4,164.7,95.2,20.0,164.1,89.8,19.2,19.2,19.2,19.2
188,2014-01-31,17144.281,163.7,85.6,18.1,164.2,90.9,17.4,164.7,95.8,17.0,165.2,100.0,16.8,165.9,100.0,17.1,166.6,100.0,17.4,166.6,99.2,17.5,167.1,100.0,17.7,166.5,94.6,17.4,166.7,96.1,17.0,166.4,93.4,16.5,167.0,98.9,16.1,16.1,16.1,16.1,16.1,16.1,16.1
189,2014-04-30,17462.703,166.5,94.1,15.7,166.7,96.1,15.3,167.0,99.7,15.1,167.1,100.0,14.7,167.8,100.0,14.8,168.4,100.0,14.9,169.0,100.0,15.2,169.4,100.0,15.5,171.2,100.0,16.3,172.3,100.0,17.1,173.2,100.0,18.0,173.9,100.0,19.1,174.5,100.0,19.6,174.3,97.8,19.7
190,2014-07-31,17743.227,173.6,91.7,19.3,173.7,92.1,18.7,174.3,98.6,18.2,174.8,100.0,18.0,175.3,100.0,18.0,175.5,100.0,18.1,175.9,100.0,18.1,177.6,100.0,18.4,178.3,100.0,18.8,179.0,100.0,19.4,178.5,95.6,19.7,179.2,100.0,19.6,180.6,100.0,19.8,19.8,19.8,19.8
191,2014-10-31,17852.54,181.8,100.0,20.1,182.4,100.0,20.7,183.2,100.0,21.4,184.2,100.0,21.9,184.3,100.0,22.1,183.6,93.3,21.9,183.5,92.3,21.4,184.6,100.0,21.0,184.5,99.1,20.6,183.1,86.4,20.0,183.0,85.1,19.3,182.6,81.1,18.2,184.6,99.2,17.8,17.8,17.8,17.8
192,2015-01-31,17991.348,185.4,100.0,18.0,186.8,100.0,18.7,187.4,100.0,19.6,188.0,100.0,20.1,188.1,100.0,20.4,187.6,95.7,20.0,187.6,96.0,19.6,187.8,98.0,19.0,188.3,100.0,18.5,189.1,100.0,18.5,189.9,100.0,18.6,190.1,100.0,18.8,189.3,92.5,18.5,18.5,18.5,18.5
193,2015-04-30,18193.707,188.7,87.1,17.8,188.5,85.6,16.9,188.7,87.6,16.0,189.3,92.3,15.5,189.7,96.1,15.3,189.3,92.9,15.0,189.8,97.0,14.8,190.2,100.0,14.6,189.9,97.4,14.3,189.5,93.6,13.9,190.4,100.0,13.6,191.2,100.0,13.5,190.7,95.3,13.3,13.3,13.3,13.3
194,2015-07-31,18306.96,190.8,96.6,13.4,190.8,96.4,13.1,191.0,98.2,12.7,189.8,87.6,12.1,190.4,92.7,11.6,190.4,92.9,11.1,191.1,98.9,10.8,191.2,99.7,10.9,191.0,98.4,10.8,192.0,100.0,10.9,193.2,100.0,11.2,193.8,100.0,11.6,193.8,99.7,12.0,12.0,12.0,12.0
195,2015-10-31,18332.079,193.5,97.3,12.1,193.3,95.5,11.8,192.7,90.3,11.3,193.9,100.0,11.1,194.5,100.0,11.1,193.8,94.3,11.1,193.5,91.3,11.1,194.4,99.5,11.0,195.8,100.0,11.1,195.5,97.4,11.3,194.2,86.8,11.3,193.9,84.3,10.9,194.9,92.5,10.5,10.5,10.5,10.5
196,2016-01-31,18425.306,196.1,100.0,10.4,195.9,98.1,10.6,196.2,100.0,11.0,196.2,100.0,11.2,196.4,100.0,11.0,197.1,100.0,11.2,197.2,100.0,11.3,198.0,100.0,11.5,198.7,100.0,11.9,199.1,100.0,12.3,199.4,100.0,12.6,200.2,100.0,13.0,200.9,100.0,13.4,13.4,13.4,13.4
197,2016-04-30,18611.617,201.0,100.0,13.7,200.8,98.0,13.8,200.6,96.5,13.7,201.7,100.0,13.6,202.7,100.0,13.8,203.8,100.0,14.3,203.6,98.4,14.8,203.1,94.9,14.9,202.9,92.7,14.7,203.8,100.0,14.4,204.7,100.0,14.4,205.5,100.0,14.8,205.5,100.0,15.2,15.2,15.2,15.2
198,2016-07-31,18775.459,205.5,100.0,15.3,205.7,100.0,15.3,205.7,99.9,15.0,207.0,100.0,15.1,207.5,100.0,15.3,208.2,100.0,15.6,207.9,97.8,15.8,208.4,100.0,15.8,208.4,99.7,15.7,208.3,99.2,15.4,208.3,99.1,15.1,208.1,97.5,14.7,208.3,99.0,14.4,14.4,14.4,14.4
199,2016-10-31,18968.041,208.0,96.9,14.0,208.2,97.8,13.6,209.1,100.0,13.6,209.7,100.0,13.6,210.3,100.0,13.9,210.9,100.0,14.3,212.0,100.0,14.7,212.4,100.0,15.0,211.9,96.6,15.1,211.6,94.3,14.9,212.5,100.0,14.7,213.0,100.0,14.5,212.8,98.7,14.4,14.4,14.4,14.4
200,2017-01-31,19153.912,213.2,100.0,14.4,213.4,100.0,14.3,214.1,100.0,14.2,214.4,100.0,14.2,215.5,100.0,14.4,215.7,100.0,14.7,216.3,100.0,14.9,217.5,100.0,15.3,217.7,100.0,15.4,217.9,100.0,15.6,218.3,100.0,15.7,218.5,100.0,15.6,220.2,100.0,15.8,15.8,15.8,15.8
201,2017-04-30,19322.92,221.0,100.0,16.2,222.4,100.0,16.8,222.9,100.0,17.5,222.4,96.0,17.6,222.2,95.1,17.5,222.4,96.7,17.1,222.2,94.6,16.5,222.1,94.0,16.1,222.8,99.0,15.8,223.0,100.0,15.6,223.6,100.0,15.5,224.1,100.0,15.6,224.3,100.0,15.6,15.6,15.6,15.6
202,2017-07-31,19558.693,224.3,100.0,15.6,224.7,100.0,15.5,224.6,99.3,15.3,224.4,97.6,14.9,223.3,89.9,14.3,222.9,86.7,13.6,222.8,85.5,12.8,222.3,82.2,12.1,222.9,86.7,11.7,223.7,92.3,11.6,224.3,97.0,11.7,224.6,99.7,12.0,226.6,100.0,12.5,12.5,12.5,12.5
203,2017-10-31,19882.965,227.9,100.0,13.2,228.7,100.0,13.9,229.1,100.0,14.6,229.6,100.0,14.9,230.2,100.0,15.1,230.6,100.0,15.1,231.6,100.0,15.3,231.8,100.0,15.5,234.0,100.0,16.0,235.5,100.0,16.8,237.8,100.0,17.8,238.4,100.0,18.9,238.0,97.8,19.4,19.4,19.4,19.4
204,2018-01-31,20143.716,237.6,94.8,19.4,236.3,85.3,18.6,235.2,77.5,17.4,236.5,86.6,16.6,235.8,81.8,15.7,235.2,78.0,15.1,235.9,82.5,14.9,235.8,81.9,14.4,235.6,80.4,14.0,236.3,85.7,13.9,236.6,87.5,13.7,236.9,90.0,13.7,237.9,97.0,13.8,13.8,13.8,13.8
205,2018-04-30,20492.492,239.2,100.0,14.2,240.0,100.0,14.6,241.7,100.0,15.3,242.2,100.0,16.0,242.0,98.6,16.3,242.2,99.6,16.4,243.2,100.0,16.4,243.0,99.1,16.2,243.5,100.0,16.2,243.4,99.8,16.1,244.4,100.0,16.0,244.8,100.0,16.0,243.7,92.7,15.7,15.7,15.7,15.7
206,2018-07-31,20659.102,243.3,89.9,15.3,243.0,87.7,14.6,243.0,87.6,13.9,243.1,88.6,13.4,244.0,94.5,13.3,244.3,96.8,13.2,244.5,97.9,13.2,245.5,100.0,13.4,245.8,100.0,13.4,246.1,100.0,13.4,245.8,97.9,13.3,244.9,91.7,12.8,244.6,89.7,12.2,12.2,12.2,12.2
207,2018-10-31,20813.325,244.2,86.9,11.4,245.4,95.3,11.0,245.5,95.4,10.8,244.6,89.8,10.6,242.9,78.0,10.0,243.8,84.3,9.4,243.0,78.5,8.7,241.3,66.7,7.8,240.9,64.1,7.2,242.5,75.0,6.7,244.0,85.5,6.8,245.1,93.2,7.5,246.0,99.1,8.4,244.9,91.7,8.8
208,2019-01-31,21001.591,245.4,94.9,9.0,245.0,92.1,8.8,245.6,96.2,8.6,246.8,100.0,8.9,247.6,100.0,9.2,247.9,100.0,9.6,248.7,100.0,10.0,249.9,100.0,10.5,251.2,100.0,11.0,252.5,100.0,11.8,253.7,100.0,12.6,255.2,100.0,13.4,13.4,13.4,13.4,13.4,13.4,13.4
209,2019-04-30,21289.268,255.8,100.0,14.1,255.7,99.7,14.5,255.2,96.4,14.5,254.5,91.9,14.1,253.7,86.4,13.4,252.7,80.1,12.6,253.4,84.6,12.0,254.1,88.8,11.8,252.9,81.3,11.4,252.3,76.9,11.2,251.7,73.3,10.7,251.8,74.0,10.1,251.8,74.0,9.7,9.7,9.7,9.7
210,2019-07-31,21505.012,253.5,85.0,9.8,253.3,83.5,10.0,253.3,83.7,10.2,253.9,87.5,10.4,252.2,76.8,10.0,252.1,76.2,9.6,252.5,78.7,9.3,252.7,80.0,9.0,253.4,84.2,9.1,253.4,84.5,9.2,252.9,81.2,9.2,253.5,85.3,9.2,253.8,87.3,9.2,254.7,92.8,9.3
211,2019-10-31,21694.458,255.4,97.3,9.7,256.0,100.0,10.0,256.4,100.0,10.4,257.0,100.0,10.6,256.7,98.6,10.7,256.8,99.0,10.7,256.9,99.9,10.6,257.3,100.0,10.5,257.3,100.0,10.4,256.6,95.0,10.1,256.7,95.9,9.8,257.5,100.0,9.6,258.6,100.0,9.7,9.7,9.7,9.7
212,2020-01-31,21481.367,258.5,99.8,9.9,260.4,100.0,10.4,260.7,100.0,10.8,260.3,97.6,11.0,258.1,83.2,10.7,256.7,73.9,9.7,253.3,52.1,8.1,249.6,28.3,5.9,5.9,5.9,5.9,5.9,5.9,5.9,5.9,5.9,5.9,5.9,5.9,5.9,5.9,5.9,5.9,5.9,5.9,5.9
213,2020-04-30,19477.444,19477.444,19477.444,19477.444,19477.444,19477.444,19477.444,19477.444,19477.444,19477.444,19477.444,19477.444,19477.444,19477.444,19477.444,19477.444,19477.444,19477.444,19477.444,19477.444,19477.444,19477.444,19477.444,19477.444,19477.444,19477.444,19477.444,19477.444,19477.444,19477.444,19477.444,19477.444,19477.444,19477.444,19477.444,19477.444,19477.444,19477.444,19477.444,19477.444,19477.444,19477.444,19477.444
214,2020-07-31,21138.574,21138.574,21138.574,21138.574,21138.574,21138.574,21138.574,21138.574,21138.574,21138.574,21138.574,21138.574,21138.574,21138.574,21138.574,21138.574,21138.574,21138.574,21138.574,21138.574,21138.574,21138.574,21138.574,21138.574,21138.574,21138.574,21138.574,21138.574,21138.574,21138.574,21138.574,21138.574,21138.574,21138.574,21138.574,21138.574,21138.574,21138.574,21138.574,21138.574,21138.574,21138.574,21138.574
215,2020-10-31,21477.597,21477.597,21477.597,21477.597,21477.597,21477.597,21477.597,21477.597,21477.597,21477.597,21477.597,21477.597,21477.597,21477.597,21477.597,21477.597,21477.597,21477.597,21477.597,21477.597,21477.597,21477.597,21477.597,21477.597,21477.597,21477.597,21477.597,21477.597,21477.597,21477.597,21477.597,21477.597,21477.597,21477.597,21477.597,21477.597,21477.597,21477.597,21477.597,21477.597,21477.597,21477.597,21477.597
216,2021-01-31,22038.226,197.9,100.0,17.5,200.0,100.0,20.7,202.2,100.0,24.1,204.2,100.0,27.7,204.3,100.0,31.0,205.3,100.0,33.9,205.8,100.0,36.1,206.5,100.0,37.6,207.4,100.0,38.8,38.8,38.8,38.8,38.8,38.8,38.8,38.8,38.8,38.8,38.8,38.8,38.8,38.8,38.8,38.8
217,2021-04-30,22731.369,22731.369,22731.369,22731.369,22731.369,22731.369,22731.369,22731.369,22731.369,22731.369,22731.369,22731.369,22731.369,22731.369,22731.369,22731.369,22731.369,22731.369,22731.369,22731.369,22731.369,22731.369,22731.369,22731.369,22731.369,22731.369,22731.369,22731.369,22731.369,22731.369,22731.369,22731.369,22731.369,22731.369,22731.369,22731.369,22731.369,22731.369,22731.369,22731.369,22731.369,22731.369,22731.369
