Date,10 Year Treasury Yield,3 Month Treasury Yield,3 Month Treasury Yield (Bond Equivalent Basis),Spread,Rec_prob,NBER_Rec
1959-01-31,4.02,2.82,2.879694086009773,1.1403059139902267,,0.0
1959-02-28,3.96,2.7,2.7563118282276537,1.2036881717723462,,0.0
1959-03-31,3.99,2.8,2.8591251412777097,1.1308748587222905,,0.0
1959-04-30,4.12,2.95,3.013443301508051,1.106556698491949,,0.0
1959-05-31,4.31,2.84,2.900265125528936,1.4097348744710638,,0.0
1959-06-30,4.34,3.21,3.281207598656768,1.058792401343232,,0.0
1959-07-31,4.4,3.2,3.2709024106102693,1.129097589389731,,0.0
1959-08-31,4.43,3.38,3.4564761929843932,0.9735238070156065,,0.0
1959-09-30,4.68,4.04,4.138373096814244,0.5416269031857555,,0.0
1959-10-31,4.53,4.05,4.148722547075687,0.38127745292431303,,0.0
1959-11-30,4.53,4.15,4.252246131992977,0.2777538680070233,,0.0
1959-12-31,4.69,4.49,4.604622295098733,0.08537770490126739,,0.0
1960-01-31,4.72,4.35,4.459452058257253,0.26054794174274676,0.10471875414617808,0.0
1960-02-28,4.49,3.96,4.055596521176982,0.4344034788230182,0.09761965395539676,0.0
1960-03-31,4.25,3.31,3.3842883750401627,0.8657116249598373,0.10580624414779871,0.0
1960-04-30,4.28,3.23,3.3018195505694132,0.978180449430587,0.10864796534215934,0.0
1960-05-31,4.35,3.29,3.363668015756593,0.9863319842434066,0.07698293982699173,1.0
1960-06-30,4.15,2.46,2.5097732734722076,1.6402267265277928,0.11438843104862761,1.0
1960-07-31,3.9,2.3,2.3455813940492924,1.5544186059507075,0.10601209099164731,1.0
1960-08-31,3.8,2.3,2.3455813940492924,1.4544186059507074,0.12516657396515543,1.0
1960-09-30,3.8,2.48,2.530306655723994,1.2696933442760057,0.19047429330965582,1.0
1960-10-31,3.89,2.3,2.3455813940492924,1.5444186059507077,0.21927365735358317,1.0
1960-11-30,3.93,2.37,2.4173989005802263,1.5126010994197738,0.23912556530130025,1.0
1960-12-31,3.84,2.25,2.294298824564712,1.5457011754352878,0.2784863186390828,1.0
1961-01-31,3.84,2.24,2.2840438750972174,1.5559561249027825,0.24251766964713556,1.0
1961-02-28,3.78,2.42,2.4687127757632945,1.3112872242367053,0.20946545419964918,1.0
1961-03-31,3.74,2.39,2.4379228846718686,1.3020771153281316,0.13978285346200475,0.0
1961-04-30,3.78,2.29,2.335323837066843,1.4446761629331566,0.12456025292687323,0.0
1961-05-31,3.71,2.29,2.335323837066843,1.3746761629331568,0.12350382646048627,0.0
1961-06-30,3.88,2.33,2.376357194889791,1.5036428051102089,0.058025906399498006,0.0
1961-07-31,3.92,2.24,2.2840438750972174,1.6359561249027825,0.06460216980140837,0.0
1961-08-31,4.04,2.39,2.4379228846718686,1.6020771153281315,0.07298050351424254,0.0
1961-09-30,3.98,2.28,2.32506680166694,1.65493319833306,0.0906087255546152,0.0
1961-10-31,3.92,2.3,2.3455813940492924,1.5744186059507075,0.06540480235912162,0.0
1961-11-30,3.94,2.48,2.530306655723994,1.4096933442760058,0.06801009230805476,0.0
1961-12-31,4.06,2.6,2.65355083688911,1.4064491631108895,0.06530142882950694,0.0
1962-01-31,4.08,2.72,2.7768703038222804,1.3031296961777197,0.06447944501448101,0.0
1962-02-28,4.04,2.73,2.7871503265451003,1.2528496734548997,0.08638693250537466,0.0
1962-03-31,3.93,2.72,2.7768703038222804,1.1531296961777198,0.08730884483359645,0.0
1962-04-30,3.84,2.73,2.7871503265451003,1.0528496734548995,0.07383929238745204,0.0
1962-05-31,3.87,2.69,2.746033375275939,1.1239666247240612,0.08023836426378843,0.0
1962-06-30,3.91,2.73,2.7871503265451003,1.1228496734548998,0.06875788729292628,0.0
1962-07-31,4.01,2.92,2.982570237878026,1.0274297621219737,0.05834025557314497,0.0
1962-08-31,3.98,2.82,2.879694086009773,1.1003059139902271,0.060881625657642935,0.0
1962-09-30,3.98,2.78,2.838558291012789,1.141441708987211,0.05695357211032259,0.0
1962-10-31,3.93,2.74,2.797430872604869,1.132569127395131,0.06301987799909164,0.0
1962-11-30,3.92,2.83,2.8899793439009676,1.0300206560990324,0.07698673587217783,0.0
1962-12-31,3.86,2.87,2.931125613233561,0.9288743867664389,0.07728370836024258,0.0
1963-01-31,3.83,2.91,2.97228026491534,0.8577197350846602,0.08720311348082052,0.0
1963-02-28,3.92,2.92,2.982570237878026,0.9374297621219738,0.09236125992245622,0.0
1963-03-31,3.93,2.89,2.9517018911207185,0.9782981088792817,0.10325307001317906,0.0
1963-04-30,3.97,2.9,2.9619908160095814,1.0080091839904188,0.11511747748079694,0.0
1963-05-31,3.93,2.93,2.9928607349376786,0.9371392650623216,0.10660799273263585,0.0
1963-06-30,3.99,2.99,3.0546147255744884,0.9353852744255118,0.1067380334370151,0.0
1963-07-31,4.02,3.18,3.2502936101361444,0.7697063898638552,0.11827323767407302,0.0
1963-08-31,4.0,3.32,3.3945993431542716,0.6054006568457284,0.10938719456437308,0.0
1963-09-30,4.08,3.38,3.4564761929843932,0.6235238070156068,0.10458833436109424,0.0
1963-10-31,4.11,3.45,3.528689782141761,0.5813102178582392,0.10561027974508402,0.0
1963-11-30,4.12,3.52,3.6009291563153027,0.5190708436846974,0.11794881900875653,0.0
1963-12-31,4.13,3.52,3.6009291563153027,0.5290708436846971,0.13108488272130625,0.0
1964-01-31,4.17,3.52,3.6009291563153027,0.5690708436846972,0.14091072919089886,0.0
1964-02-28,4.15,3.53,3.6112511726160963,0.5387488273839041,0.1299361431942146,0.0
1964-03-31,4.22,3.54,3.621573715463876,0.5984262845361239,0.12454495964617882,0.0
1964-04-30,4.23,3.47,3.549326971606225,0.6806730283937754,0.12072508023839248,0.0
1964-05-31,4.2,3.48,3.5596463557763127,0.6403536442236875,0.12997503389038031,0.0
1964-06-30,4.17,3.48,3.5596463557763127,0.6103536442236872,0.1302100230149205,0.0
1964-07-31,4.19,3.46,3.5390081137414624,0.650991886258538,0.15373997212160695,0.0
1964-08-31,4.19,3.5,3.5802867031935315,0.6097132968064689,0.17969747406188497,0.0
1964-09-30,4.2,3.53,3.6112511726160963,0.5887488273839039,0.17670623064513574,0.0
1964-10-31,4.19,3.57,3.6525445036920674,0.537455496307933,0.18372255822172678,0.0
1964-11-30,4.15,3.64,3.7248281128920664,0.42517188710793397,0.19437902220915676,0.0
1964-12-31,4.18,3.84,3.931495045239121,0.24850495476087886,0.19264192245964776,0.0
1965-01-31,4.19,3.81,3.9004815544371927,0.2895184455628077,0.1857888897622164,0.0
1965-02-28,4.21,3.93,4.024564023099474,0.18543597690052582,0.19096982545224,0.0
1965-03-31,4.21,3.93,4.024564023099474,0.18543597690052582,0.18085702904827214,0.0
1965-04-30,4.2,3.93,4.024564023099474,0.17543597690052604,0.1674813469779306,0.0
1965-05-31,4.21,3.89,3.9831947530733456,0.22680524692665438,0.17395681382054534,0.0
1965-06-30,4.21,3.8,3.890144779577161,0.3198552204228391,0.1788768364929812,0.0
1965-07-31,4.2,3.84,3.931495045239121,0.2685049547608793,0.17223299958471933,0.0
1965-08-31,4.25,3.84,3.931495045239121,0.31850495476087914,0.17898279973227893,0.0
1965-09-30,4.29,3.92,4.014220913451287,0.2757790865487131,0.18247374647630052,0.0
1965-10-31,4.35,4.03,4.1280241751599,0.2219758248400998,0.1911927617526774,0.0
1965-11-30,4.45,4.09,4.190125635002544,0.2598743649974562,0.21115103260116472,0.0
1965-12-31,4.62,4.38,4.490551219586185,0.12944878041381536,0.24490733082549376,0.0
1966-01-31,4.61,4.59,4.708378966964202,-0.09837896696420145,0.23682121919212717,0.0
1966-02-28,4.83,4.65,4.770658447838975,0.05934155216102521,0.25762622391224116,0.0
1966-03-31,4.87,4.59,4.708378966964202,0.16162103303579833,0.25762622391224116,0.0
1966-04-30,4.75,4.62,4.739516318067835,0.010483681932164757,0.2596739342602175,0.0
1966-05-31,4.78,4.64,4.7602772068843,0.01972279311570002,0.24924494288948562,0.0
1966-06-30,4.81,4.5,4.614995574661778,0.1950044253382215,0.23093584142617768,0.0
1966-07-31,5.02,4.8,4.926440815224726,0.09355918477527325,0.2409457339225455,0.0
1966-08-31,5.22,4.96,5.092740538034647,0.12725946196535265,0.23119604649461525,0.0
1966-09-30,5.18,5.37,5.51950602807611,-0.3395060280761104,0.23951356645054406,0.0
1966-10-31,5.01,5.35,5.498667395035358,-0.4886673950353586,0.25021583656574775,0.0
1966-11-30,5.16,5.32,5.467413449983501,-0.3074134499835006,0.242650991614568,0.0
1966-12-31,4.84,4.96,5.092740538034647,-0.25274053803464724,0.26919776170340287,0.0
1967-01-31,4.58,4.72,4.84334200719248,-0.26334200719248013,0.3188110433464554,0.0
1967-02-28,4.63,4.56,4.677246393428249,-0.047246393428249434,0.28404618812583693,0.0
1967-03-31,4.54,4.26,4.3661831825709845,0.17381681742901556,0.2625165917642375,0.0
1967-04-30,4.59,3.84,3.931495045239121,0.658504954760879,0.29462052609939426,0.0
1967-05-31,4.85,3.6,3.6835200322938744,1.1664799677061253,0.2926070298992385,0.0
1967-06-30,5.02,3.54,3.621573715463876,1.3984262845361237,0.2556747619465183,0.0
1967-07-31,5.16,4.21,4.314385674886269,0.8456143251137309,0.27675022397111293,0.0
1967-08-31,5.28,4.27,4.376544272442864,0.9034557275571364,0.26965549532564814,0.0
1967-09-30,5.3,4.42,4.532024188025209,0.7679758119747913,0.3750935434578232,0.0
1967-10-31,5.48,4.56,4.677246393428249,0.8027536065717511,0.41138894653675806,0.0
1967-11-30,5.75,4.73,4.853727497970879,0.8962725020291211,0.36741512561413314,0.0
1967-12-31,5.7,4.97,5.103138793953931,0.5968612060460687,0.35445691777710875,0.0
1968-01-31,5.53,5.0,5.134336756224505,0.39566324377549567,0.3569570220179327,0.0
1968-02-28,5.56,4.98,5.113537582264742,0.4464624177352574,0.30734398448785755,0.0
1968-03-31,5.74,5.17,5.311215768967391,0.4287842310326093,0.26000627973682533,0.0
1968-04-30,5.64,5.38,5.5299261456214825,0.11007385437851713,0.17102217693518668,0.0
1968-05-31,5.87,5.66,5.82190642001931,0.04809357998068986,0.1017430963620504,0.0
1968-06-30,5.72,5.52,5.675863887442785,0.04413611255721506,0.07802185946301098,0.0
1968-07-31,5.5,5.31,5.456996536004521,0.04300346399547905,0.14263086448322293,0.0
1968-08-31,5.42,5.09,5.227959403221616,0.1920405967783836,0.13453918133805043,0.0
1968-09-30,5.46,5.19,5.332035191685588,0.12796480831441226,0.1539997459438867,0.0
1968-10-31,5.58,5.35,5.498667395035358,0.08133260496464167,0.14883498962266695,0.0
1968-11-30,5.7,5.45,5.6028819247381625,0.09711807526183769,0.13552657713255992,0.0
1968-12-31,6.03,5.96,6.135208096195912,-0.10520809619591187,0.18111788095469195,0.0
1969-01-31,6.04,6.14,6.3234207813153365,-0.28342078131533643,0.21659199051147573,0.0
1969-02-28,6.19,6.12,6.302499669893249,-0.112499669893249,0.20727560297287503,0.0
1969-03-31,6.3,6.02,6.197926333444093,0.10207366655590722,0.2104905171128627,0.0
1969-04-30,6.17,6.11,6.292039919884866,-0.12203991988486607,0.2732620782235919,0.0
1969-05-31,6.32,6.04,6.2188367057485445,0.10116329425145576,0.28646444400185467,0.0
1969-06-30,6.57,6.44,6.6374954961263875,-0.06749549612638717,0.28731759631975956,0.0
1969-07-31,6.72,7.0,7.225065746684388,-0.5050657466843882,0.28756199421587836,0.0
1969-08-31,6.69,6.98,7.204051936359355,-0.5140519363593548,0.25627840135545477,0.0
1969-09-30,7.16,7.09,7.319654666507896,-0.15965466650789573,0.26950798187366987,0.0
1969-10-31,7.1,7.0,7.225065746684388,-0.1250657466843883,0.27934663705303736,0.0
1969-11-30,7.14,7.24,7.4774002890680435,-0.33740028906804387,0.27599669248010333,0.0
1969-12-31,7.65,7.82,8.08849825353275,-0.4384982535327495,0.3203560931194821,0.0
1970-01-31,7.79,7.87,8.141264709641783,-0.35126470964178313,0.36170892001667765,1.0
1970-02-28,7.24,7.13,7.361708254634853,-0.12170825463485269,0.32200921197744964,1.0
1970-03-31,7.07,6.63,6.836660058700437,0.2333399412995636,0.27494911572470226,1.0
1970-04-30,7.39,6.51,6.710849284009446,0.6791507159905539,0.32417746825349425,1.0
1970-05-31,7.91,6.84,7.057015803237984,0.8529841967620158,0.27514141496891054,1.0
1970-06-30,7.84,6.68,6.889104128263579,0.9508958717364209,0.31186341183663224,1.0
1970-07-31,7.46,6.45,6.647972993006816,0.8120270069931843,0.41543208021656797,1.0
1970-08-31,7.53,6.41,6.6060662360034215,0.9239337639965788,0.4176515239989797,1.0
1970-09-30,7.39,6.12,6.302499669893249,1.0875003301067503,0.3327840051785427,1.0
1970-10-31,7.33,5.91,6.082957651515601,1.247042348484399,0.32486641378203507,1.0
1970-11-30,6.84,5.28,5.425748996608063,1.4142510033919367,0.3745881693665245,1.0
1970-12-31,6.39,4.87,4.999180185635221,1.3908198143647788,0.39907943049696537,0.0
1971-01-31,6.24,4.44,4.552763852976574,1.6872361470234258,0.3779195297003364,0.0
1971-02-28,6.11,3.7,3.7868060443088556,2.3231939556911447,0.32410198848258365,0.0
1971-03-31,5.7,3.38,3.4564761929843932,2.243523807015607,0.24793442186021952,0.0
1971-04-30,5.83,3.86,3.9521733446960536,1.8778266553039464,0.16772297966466918,0.0
1971-05-31,6.39,4.14,4.241891393432269,2.148108606567731,0.14158194901758991,0.0
1971-06-30,6.52,4.75,4.874500073802812,1.6454999261971874,0.12814218599147104,0.0
1971-07-31,6.73,5.4,5.550767982967506,1.1792320170324944,0.14747759912882968,0.0
1971-08-31,6.58,4.94,5.071945623207126,1.5080543767928738,0.13175145188661258,0.0
1971-09-30,6.14,4.69,4.812188722918174,1.3278112770818256,0.1109128730191269,0.0
1971-10-31,5.93,4.46,4.573505638849541,1.3564943611504585,0.09297127353654104,0.0
1971-11-30,5.81,4.22,4.324744117668529,1.4852558823314705,0.07657099380862693,0.0
1971-12-31,5.93,4.01,4.107327917510521,1.822672082489479,0.07872662670154028,0.0
1972-01-31,5.95,3.38,3.4564761929843932,2.493523807015607,0.05465297749863296,0.0
1972-02-28,6.08,3.2,3.2709024106102693,2.8090975893897308,0.0225413631877318,0.0
1972-03-31,6.07,3.73,3.8178021271112605,2.2521978728887397,0.025383114504473354,0.0
1972-04-30,6.19,3.71,3.7971375446233417,2.3928624553766586,0.042537995325892676,0.0
1972-05-31,6.13,3.69,3.776475071226868,2.353524928773132,0.02917542755408901,0.0
1972-06-30,6.11,3.91,4.003878331924502,2.106121668075498,0.05763959658603826,0.0
1972-07-31,6.11,3.98,4.07628749457739,2.03371250542261,0.10031585666668466,0.0
1972-08-31,6.21,4.02,4.117675782072157,2.0923242179278434,0.068388842153505,0.0
1972-09-30,6.55,4.66,4.781040219878941,1.768959780121059,0.08475118590618005,0.0
1972-10-31,6.48,4.74,4.864113520160726,1.6158864798392747,0.08196711459574912,0.0
1972-11-30,6.28,4.78,4.905662923850457,1.3743370761495433,0.07031258143429867,0.0
1972-12-31,6.36,5.07,5.207150641428778,1.1528493585712223,0.04579673175225085,0.0
1973-01-31,6.46,5.41,5.5611897028502835,0.8988102971497165,0.017356070062304326,0.0
1973-02-28,6.64,5.6,5.7593039244415385,0.8806960755584612,0.010403763884686362,0.0
1973-03-31,6.71,6.09,6.271122031066577,0.438877968933423,0.02505983352293809,0.0
1973-04-30,6.67,6.26,6.448992586579751,0.22100741342024932,0.020280884798829203,0.0
1973-05-31,6.85,6.36,6.553694901703047,0.29630509829695306,0.021532384123750387,0.0
1973-06-30,6.9,7.19,7.42480487731043,-0.5248048773104292,0.030987468181349412,0.0
1973-07-31,7.13,8.01,8.289083212341893,-1.1590832123418933,0.03433079791263009,0.0
1973-08-31,7.4,8.67,8.987382646858102,-1.5873826468581012,0.03160288525323107,0.0
1973-09-30,7.09,8.29,8.585040803663208,-1.4950408036632084,0.0491601872395553,0.0
1973-10-31,6.79,7.22,7.456360499312734,-0.6663604993127343,0.05983548381847893,0.0
1973-11-30,6.73,7.83,8.099050456153416,-1.3690504561534151,0.08027035093416275,0.0
1973-12-31,6.74,7.45,7.698448985831796,-0.9584489858317955,0.10328495090731937,1.0
1974-01-31,6.99,7.77,8.035745402832804,-1.0457454028328037,0.13517716978223446,1.0
1974-02-28,6.96,7.12,7.351194045725174,-0.39119404572517436,0.1376847139397035,1.0
1974-03-31,7.21,7.96,8.236278633073702,-1.0262786330737024,0.2086513223486933,1.0
1974-04-30,7.51,8.33,8.627355394718286,-1.1173553947182864,0.25041076445054483,1.0
1974-05-31,7.58,8.23,8.52158530223338,-0.9415853022333796,0.23549748087656758,1.0
1974-06-30,7.54,7.9,8.17293111609332,-0.63293111609332,0.4203107724812103,1.0
1974-07-31,7.81,7.55,7.803794358726756,0.006205641273243856,0.5794159925565407,1.0
1974-08-31,8.04,8.96,9.294965075669383,-1.254965075669384,0.6813628577162912,1.0
1974-09-30,8.04,8.06,8.341901417037226,-0.30190141703722695,0.6602189761841284,1.0
1974-10-31,7.9,7.46,7.708981080452103,0.19101891954789707,0.45561238935558995,1.0
1974-11-30,7.68,7.47,7.719513717775903,-0.03951371777590307,0.630549453672366,1.0
1974-12-31,7.43,7.15,7.382738296460897,0.04726170353910231,0.5292553782326375,1.0
1975-01-31,7.5,6.26,6.448992586579751,1.0510074134202494,0.5511854059067145,1.0
1975-02-28,7.39,5.5,5.655009225482049,1.734990774517951,0.38756384533502997,1.0
1975-03-31,7.73,5.49,5.64458269636886,2.0854173036311403,0.5463062282719691,1.0
1975-04-30,8.23,5.61,5.769736336025116,2.4602636639748843,0.5690617537884334,0.0
1975-05-31,8.06,5.23,5.373680436954437,2.686319563045563,0.5250066565612227,0.0
1975-06-30,7.86,5.34,5.488248879457882,2.3717511205421182,0.4472332733076303,0.0
1975-07-31,8.06,6.13,6.312959957022947,1.7470400429770532,0.2955550072064048,0.0
1975-08-31,8.4,6.44,6.6374954961263875,1.762504503873613,0.6029895638523102,0.0
1975-09-30,8.43,6.42,6.616542117666193,1.8134578823338066,0.36610154599654127,0.0
1975-10-31,8.14,5.96,6.135208096195912,2.0047919038040884,0.25648665718677427,0.0
1975-11-30,8.05,5.48,5.634156701778976,2.4158432982210245,0.3056257564644161,0.0
1975-12-31,8.0,5.44,5.592458067830523,2.407541932169477,0.28664368041866284,0.0
1976-01-31,7.74,4.87,4.999180185635221,2.7408198143647793,0.11534415304123388,0.0
1976-02-28,7.79,4.88,5.009573651870069,2.7804263481299314,0.05138724782325077,0.0
1976-03-31,7.73,5.0,5.134336756224505,2.595663243775496,0.031914732751938416,0.0
1976-04-30,7.56,4.86,4.988787251383243,2.571212748616756,0.018279864151918988,0.0
1976-05-31,7.9,5.2,5.342445702962271,2.557554297037729,0.01275008339574142,0.0
1976-06-30,7.86,5.41,5.5611897028502835,2.298810297149717,0.02094463926341735,0.0
1976-07-31,7.83,5.23,5.373680436954437,2.4563195630455628,0.050588269169898975,0.0
1976-08-31,7.77,5.14,5.279990633863424,2.490009366136576,0.049577366689440114,0.0
1976-09-30,7.59,5.08,5.217554755904431,2.3724452440955686,0.046360207732484796,0.0
1976-10-31,7.41,4.92,5.05115283745515,2.3588471625448504,0.035746493135891816,0.0
1976-11-30,7.29,4.75,4.874500073802812,2.415499926197188,0.019578708897326588,0.0
1976-12-31,6.87,4.35,4.459452058257253,2.410547941742747,0.01982993636259153,0.0
1977-01-31,7.21,4.62,4.739516318067835,2.4704836819321647,0.011657323552603573,0.0
1977-02-28,7.39,4.67,4.7914225230449565,2.598577476955043,0.010915085458751625,0.0
1977-03-31,7.46,4.6,4.718757553103588,2.741242446896412,0.014764369171099665,0.0
1977-04-30,7.37,4.54,4.656493998065578,2.713506001934422,0.015352395127714859,0.0
1977-05-31,7.46,4.96,5.092740538034647,2.367259461965353,0.015689548357489633,0.0
1977-06-30,7.28,5.02,5.155138060241092,2.124861939758908,0.02338114208814615,0.0
1977-07-31,7.33,5.19,5.332035191685588,1.9979648083144124,0.01839214019993114,0.0
1977-08-31,7.4,5.49,5.64458269636886,1.7554173036311402,0.017451760815191102,0.0
1977-09-30,7.34,5.81,5.9784969760051005,1.3615030239948993,0.02092252675448035,0.0
1977-10-31,7.52,6.16,6.344344041553704,1.1756559584462956,0.021359332795333207,0.0
1977-11-30,7.58,6.1,6.281580706956431,1.298419293043569,0.01958904665200025,0.0
1977-12-31,7.69,6.07,6.250206290237176,1.4397937097628244,0.019738650141077237,0.0
1978-01-31,7.96,6.44,6.6374954961263875,1.3225045038736125,0.017991646424887705,0.0
1978-02-28,8.03,6.45,6.647972993006816,1.3820270069931837,0.014695592048631214,0.0
1978-03-31,8.04,6.29,6.48039763337126,1.5596023666287389,0.011649177590652765,0.0
1978-04-30,8.15,6.29,6.48039763337126,1.66960236662874,0.01219437438793169,0.0
1978-05-31,8.35,6.41,6.6060662360034215,1.7439337639965782,0.021088207474013316,0.0
1978-06-30,8.46,6.73,6.941561683947217,1.5184383160527837,0.03016749744054122,0.0
1978-07-31,8.64,7.01,7.235573462993845,1.404426537006156,0.036087574974403416,0.0
1978-08-31,8.41,7.08,7.309142622466745,1.1008573775332549,0.05003863348642629,0.0
1978-09-30,8.42,7.85,8.120156494212237,0.29984350578776287,0.08148810731445855,0.0
1978-10-31,8.64,7.99,8.267959745878635,0.3720402541213659,0.10071461521785993,0.0
1978-11-30,8.81,8.64,8.955590087511245,-0.1455900875112448,0.08767701591795757,0.0
1978-12-31,9.01,9.08,9.42237556903279,-0.4123755690327897,0.07427257174640543,0.0
1979-01-31,9.1,9.35,9.709338632655413,-0.6093386326554135,0.08527396178411614,0.0
1979-02-28,9.1,9.32,9.677434037667403,-0.5774340376674036,0.07954731166562296,0.0
1979-03-31,9.12,9.48,9.847649166185697,-0.7276491661856976,0.0641891260844238,0.0
1979-04-30,9.18,9.46,9.826364560999503,-0.646364560999503,0.05589956390551643,0.0
1979-05-31,9.25,9.61,9.98605286360418,-0.7360528636041792,0.05079329156226455,0.0
1979-06-30,8.91,9.06,9.401134993236777,-0.491134993236777,0.06752621881170051,0.0
1979-07-31,8.95,9.24,9.592379340120754,-0.6423793401207547,0.07746929957478721,0.0
1979-08-31,9.03,9.52,9.890224992087365,-0.8602249920873657,0.10932183253626523,0.0
1979-09-30,9.33,10.26,10.679472109150826,-1.3494721091508257,0.23480893617141171,0.0
1979-10-31,10.3,11.7,12.224025555813174,-1.9240255558131736,0.22100558482553703,0.0
1979-11-30,10.65,11.79,12.32094496223707,-1.6709449622370691,0.329555289767692,0.0
1979-12-31,10.39,12.04,12.59040417873297,-2.2004041787329687,0.39270864675082373,0.0
1980-01-31,10.8,12.0,12.54726710209694,-1.7472671020969397,0.44133370825802615,0.0
1980-02-28,12.41,12.86,13.476701232911873,-1.066701232911873,0.43337650512391657,1.0
1980-03-31,12.75,15.2,16.02690023341268,-3.276900233412679,0.47102318909673035,1.0
1980-04-30,11.47,13.2,13.845305010517604,-2.3753050105176037,0.4505977669635455,1.0
1980-05-31,10.18,8.58,8.892019755122345,1.2879802448776552,0.47314017753822235,1.0
1980-06-30,9.78,7.07,7.29863111953826,2.4813688804617398,0.4119967609694217,1.0
1980-07-31,10.25,8.06,8.341901417037226,1.908098582962774,0.4495992609137834,1.0
1980-08-31,11.1,9.13,9.475486626497013,1.624513373502987,0.5044770038484223,0.0
1980-09-30,11.51,10.27,10.69015836965353,0.8198416303464704,0.6258629170598012,0.0
1980-10-31,11.75,11.62,12.137913113456417,-0.3879131134564169,0.7532043970818674,0.0
1980-11-30,12.68,13.73,14.421202299703285,-1.7412022997032857,0.7000026592826935,0.0
1980-12-31,12.84,15.49,16.34513727937888,-3.5051372793788786,0.8049830381846623,0.0
1981-01-31,12.57,15.02,15.829617724967791,-3.259617724967791,0.7165828788676242,0.0
1981-02-28,13.19,14.79,15.577805922587535,-2.3878059225875354,0.556429144416494,0.0
1981-03-31,13.12,13.36,14.018992509251316,-0.8989925092513165,0.9383389112556644,0.0
1981-04-30,13.68,13.69,14.37768258867055,-0.6976825886705509,0.834043556119956,0.0
1981-05-31,14.1,16.3,17.23658403033894,-3.1365840303389394,0.08873410698910603,0.0
1981-06-30,13.47,14.73,15.512165903962455,-2.042165903962454,0.017688939949039827,0.0
1981-07-31,14.28,14.95,15.752947137015347,-1.472947137015348,0.04083071209070435,0.0
1981-08-31,14.94,15.51,16.36710256185638,-1.4271025618563815,0.05918912518077106,1.0
1981-09-30,15.32,14.7,15.479353649353909,-0.15935364935390872,0.14634019599215206,1.0
1981-10-31,15.15,13.54,14.2145648308524,0.9354351691476008,0.38676867425911066,1.0
1981-11-30,13.39,10.86,11.321630972925082,2.068369027074919,0.7152815687841977,1.0
1981-12-31,13.72,10.85,11.310911913265633,2.409088086734368,0.9540492910271092,1.0
1982-01-31,14.59,12.28,12.849415695884357,1.740584304115643,0.936996340848616,1.0
1982-02-28,14.43,13.48,14.14935358487484,0.28064641512516,0.8360076309081703,1.0
1982-03-31,13.86,12.68,13.28182305519237,0.5781769448076286,0.5142640363637342,1.0
1982-04-30,13.87,12.7,13.303467138097194,0.5665328619028056,0.4634813398126321,1.0
1982-05-31,13.62,12.09,12.644338178345384,0.9756618216546151,0.9267711181301941,1.0
1982-06-30,14.3,12.47,13.05469661321609,1.2453033867839114,0.7761906572959678,1.0
1982-07-31,13.95,11.35,11.847548341800804,2.102451658199195,0.6550812268544788,1.0
1982-08-31,13.06,8.68,8.997981262205297,4.062018737794704,0.6443295881036228,1.0
1982-09-30,12.34,7.92,8.19404477642401,4.1459552235759904,0.3327147714898402,1.0
1982-10-31,10.91,7.71,7.972459933725022,2.9375400662749778,0.13020333436032433,1.0
1982-11-30,10.55,8.07,8.352466693491653,2.1975333065083476,0.03269535388669722,1.0
1982-12-31,10.54,7.94,8.21516061530507,2.324839384694929,0.01978293823167078,0.0
1983-01-31,10.46,7.86,8.130710329734612,2.329289670265389,0.05101510528580772,0.0
1983-02-28,10.72,8.11,8.394733252434136,2.3252667475658644,0.2385578640188519,0.0
1983-03-31,10.51,8.35,8.648515968291848,1.8614840317081516,0.18425016963988033,0.0
1983-04-30,10.4,8.21,8.500437836444048,1.8995621635559523,0.1862191661795231,0.0
1983-05-31,10.38,8.19,8.479292554101281,1.9007074458987194,0.12488793700666878,0.0
1983-06-30,10.85,8.79,9.11460219868631,1.73539780131369,0.09315451590121258,0.0
1983-07-31,11.38,9.08,9.42237556903279,1.9576244309672113,0.031150187972981924,0.0
1983-08-31,11.85,9.34,9.69870321700731,2.1512967829926897,0.0009528182543819674,0.0
1983-09-30,11.65,9.0,9.337426451777949,2.3125735482220513,0.0007951237770210054,0.0
1983-10-31,11.54,8.64,8.955590087511245,2.584409912488754,0.008361022510803541,0.0
1983-11-30,11.69,8.76,9.082789911268524,2.6072100887314758,0.027156078673198112,0.0
1983-12-31,11.83,9.0,9.337426451777949,2.492573548222051,0.022485622053390036,0.0
1984-01-31,11.67,8.9,9.231289481984989,2.438710518015011,0.022335444629864594,0.0
1984-02-28,11.84,9.09,9.432996681243267,2.4070033187567326,0.02247116358761264,0.0
1984-03-31,12.32,9.52,9.890224992087365,2.4297750079126352,0.043483416120430385,0.0
1984-04-30,12.63,9.69,10.071270716816148,2.558729283183853,0.04130642564913943,0.0
1984-05-31,13.41,9.83,10.220487006725731,3.1895129932742687,0.0412423421447953,0.0
1984-06-30,13.56,9.87,10.263140126882272,3.2968598731177288,0.05136009532353014,0.0
1984-07-31,13.36,10.12,10.529922677561668,2.8300773224383313,0.03815776593723746,0.0
1984-08-31,12.72,10.47,10.904000116414334,1.8159998835856666,0.029041507050692687,0.0
1984-09-30,12.52,10.37,10.797051488276153,1.722948511723846,0.022903953637574664,0.0
1984-10-31,12.16,9.74,10.124549819073263,2.0354501809267376,0.015032557354342897,0.0
1984-11-30,11.57,8.61,8.923802457314741,2.6461975426852593,0.014493473988988492,0.0
1984-12-31,11.5,8.06,8.341901417037226,3.158098582962774,0.017381899283069466,0.0
1985-01-31,11.38,7.76,8.025196464878857,3.3548035351211443,0.018900606191521563,0.0
1985-02-28,11.51,8.27,8.563886785504645,2.9461132144953552,0.01984633071902761,0.0
1985-03-31,11.86,8.52,8.828469130166688,3.031530869833311,0.019163162922137073,0.0
1985-04-30,11.43,7.95,8.225719351807363,3.2042806481926362,0.01566029668150457,0.0
1985-05-31,10.85,7.48,7.730046897845146,3.119953102154853,0.005351304382327927,0.0
1985-06-30,10.16,6.95,7.172535275980383,2.987464724019617,0.004393752114900677,0.0
1985-07-31,10.31,7.08,7.309142622466745,3.000857377533255,0.010042961735510277,0.0
1985-08-31,10.33,7.14,7.37222300486616,2.95777699513384,0.04620420361185714,0.0
1985-09-30,10.37,7.1,7.3301672517034895,3.0398327482965097,0.052195757863770974,0.0
1985-10-31,10.24,7.16,7.3932541294608765,2.8467458705391238,0.03424722547114818,0.0
1985-11-30,9.78,7.24,7.4774002890680435,2.302599710931956,0.013610184434609209,0.0
1985-12-31,9.26,7.1,7.3301672517034895,1.9298327482965103,0.005664615130615103,0.0
1986-01-31,9.19,7.07,7.29863111953826,1.89136888046174,0.003943251112591125,0.0
1986-02-28,8.7,7.06,7.288120157680652,1.4118798423193475,0.008238165709777449,0.0
1986-03-31,7.78,6.56,6.7632610080942195,1.0167389919057808,0.007098121168899235,0.0
1986-04-30,7.3,6.06,6.239749225214916,1.060250774785084,0.005209417333848442,0.0
1986-05-31,7.71,6.15,6.333882142811795,1.3761178571882047,0.006066877557715168,0.0
1986-06-30,7.8,6.21,6.3966615953936925,1.4033384046063073,0.007667588296914437,0.0
1986-07-31,7.3,5.83,5.999384823060508,1.300615176939492,0.007490403310711055,0.0
1986-08-31,7.17,5.53,5.686292020372559,1.4837079796274413,0.00807356636354381,0.0
1986-09-30,7.45,5.21,5.352856747571982,2.097143252428018,0.0069951153573111855,0.0
1986-10-31,7.43,5.18,5.321625213700953,2.1083747862990467,0.009764134559253257,0.0
1986-11-30,7.25,5.35,5.498667395035358,1.7513326049646416,0.023248931264741007,0.0
1986-12-31,7.11,5.53,5.686292020372559,1.4237079796274417,0.03963956465208046,0.0
1987-01-31,7.08,5.43,5.582034745240716,1.4979652547592837,0.04176723277918676,0.0
1987-02-28,7.25,5.59,5.7488720478336806,1.5011279521663194,0.07678707355808766,0.0
1987-03-31,7.25,5.59,5.7488720478336806,1.5011279521663194,0.1196185529466258,0.0
1987-04-30,8.02,5.64,5.801036781041718,2.2189632189582813,0.1142100230362737,0.0
1987-05-31,8.61,5.66,5.82190642001931,2.788093579980689,0.08010247417716893,0.0
1987-06-30,8.4,5.67,5.832342042321574,2.567657957678426,0.0775692838601626,0.0
1987-07-31,8.45,5.69,5.8532148927589365,2.596785107241063,0.08745585473224632,0.0
1987-08-31,8.76,6.04,6.2188367057485445,2.5411632942514553,0.07044468710569171,0.0
1987-09-30,9.42,6.4,6.595590892663535,2.824409107336465,0.03138680053081793,0.0
1987-10-31,9.52,6.13,6.312959957022947,3.2070400429770523,0.030887919032423203,0.0
1987-11-30,8.86,5.69,5.8532148927589365,3.006785107241063,0.050306034548974754,0.0
1987-12-31,8.99,5.77,5.936727711654399,3.0532722883456014,0.07571379492721021,0.0
1988-01-31,8.67,5.81,5.9784969760051005,2.6915030239948994,0.06923509396714303,0.0
1988-02-28,8.21,5.66,5.82190642001931,2.3880935799806906,0.06896895064606992,0.0
1988-03-31,8.37,5.7,5.863652120976401,2.506347879023598,0.06896895064606992,0.0
1988-04-30,8.72,5.91,6.082957651515601,2.6370423484843997,0.026317485168186973,0.0
1988-05-31,9.09,6.26,6.448992586579751,2.6410074134202493,0.01077625012880014,0.0
1988-06-30,8.92,6.46,6.658451028376144,2.2615489716238555,0.015439539249085097,0.0
1988-07-31,9.06,6.73,6.941561683947217,2.1184383160527833,0.014737860017886645,0.0
1988-08-31,9.26,7.06,7.288120157680652,1.971879842319348,0.016102521034142,0.0
1988-09-30,8.98,7.24,7.4774002890680435,1.5025997109319569,0.010139348788382074,0.0
1988-10-31,8.8,7.35,7.593157879095359,1.2068421209046418,0.0051832794849886055,0.0
1988-11-30,8.96,7.76,8.025196464878857,0.9348035351211443,0.007413137764549274,0.0
1988-12-31,9.11,8.07,8.352466693491653,0.7575333065083463,0.006831159365795018,0.0
1989-01-31,9.09,8.27,8.563886785504645,0.5261132144953553,0.012642470242488916,0.0
1989-02-28,9.17,8.53,8.839059532809804,0.3309404671901959,0.020429241362387832,0.0
1989-03-31,9.36,8.82,9.146419420990997,0.21358057900900285,0.017010689610211835,0.0
1989-04-30,9.18,8.65,8.966187059553544,0.2138129404464557,0.013813318041374763,0.0
1989-05-31,8.86,8.43,8.733180124128404,0.12681987587159504,0.013725023185035585,0.0
1989-06-30,8.28,8.15,8.43700853840296,-0.1570085384029607,0.024715192841148988,0.0
1989-07-31,8.02,7.88,8.151819633975872,-0.13181963397587282,0.030446509966726865,0.0
1989-08-31,8.11,7.9,8.17293111609332,-0.06293111609332058,0.037415407326063195,0.0
1989-09-30,8.19,7.75,8.01464807088873,0.17535192911126884,0.06884537023748351,0.0
1989-10-31,8.01,7.64,7.898651626579532,0.11134837342046744,0.09727584794410657,0.0
1989-11-30,7.87,7.69,7.951369127832385,-0.08136912783238515,0.13028802582885649,0.0
1989-12-31,7.84,7.63,7.888109756874746,-0.04810975687474617,0.15557341140715736,0.0
1990-01-31,8.21,7.64,7.898651626579532,0.3113483734204685,0.19315470143558858,0.0
1990-02-28,8.47,7.74,8.00410022082035,0.46589977917965086,0.22880583357790835,0.0
1990-03-31,8.59,7.9,8.17293111609332,0.41706888390667984,0.2519083555760474,0.0
1990-04-30,8.79,7.77,8.035745402832804,0.7542545971671952,0.25186142930195715,0.0
1990-05-31,8.76,7.74,8.00410022082035,0.75589977917965,0.2697474491428452,0.0
1990-06-30,8.48,7.73,7.993552914631649,0.4864470853683516,0.3321755934604309,0.0
1990-07-31,8.47,7.62,7.87756843058716,0.5924315694128408,0.32640635484812064,0.0
1990-08-31,8.75,7.45,7.698448985831796,1.0515510141682043,0.31084217220612526,1.0
1990-09-30,8.89,7.36,7.603684548986931,1.2863154510130697,0.25969118034620314,1.0
1990-10-31,8.72,7.17,7.403770503907912,1.316229496092089,0.2729937886318228,1.0
1990-11-30,8.39,7.06,7.288120157680652,1.1018798423193488,0.3149763797548064,1.0
1990-12-31,8.08,6.74,6.952054813876189,1.127945186123811,0.30753609054307834,1.0
1991-01-31,8.09,6.22,6.407126718477573,1.6828732815224265,0.2325778943715281,1.0
1991-02-28,7.85,5.94,6.114306309233136,1.7356936907668636,0.20377449970448375,1.0
1991-03-31,8.11,5.91,6.082957651515601,2.0270423484843985,0.21263707369791848,1.0
1991-04-30,8.04,5.65,5.81147133293975,2.2285286670602495,0.156069687037453,0.0
1991-05-31,8.07,5.46,5.613306316004725,2.456693683995275,0.15582053691491715,0.0
1991-06-30,8.28,5.57,5.728009899380528,2.551990100619471,0.2001120676196139,0.0
1991-07-31,8.27,5.58,5.738440706160393,2.5315592938396065,0.18185744596437442,0.0
1991-08-31,7.9,5.33,5.47783089778761,2.422169102212391,0.11527723429033204,0.0
1991-09-30,7.65,5.22,5.363268325555708,2.286731674444292,0.08890356313568509,0.0
1991-10-31,7.53,4.99,5.123936903007969,2.406063096992031,0.0858952323897087,0.0
1991-11-30,7.42,4.56,4.677246393428249,2.7427536065717506,0.10920071949043658,0.0
1991-12-31,7.09,4.07,4.169423033581882,2.9205769664181176,0.10614571917067014,0.0
1992-01-31,7.03,3.8,3.890144779577161,3.1398552204228394,0.054959336626621405,0.0
1992-02-28,7.34,3.84,3.931495045239121,3.408504954760879,0.05134036388996067,0.0
1992-03-31,7.54,4.04,4.138373096814244,3.401626903185756,0.034653152870060495,0.0
1992-04-30,7.48,3.75,3.8384688190135665,3.641531180986434,0.025950219073308523,0.0
1992-05-31,7.39,3.63,3.714500302357717,3.6754996976422825,0.018381465006366542,0.0
1992-06-30,7.26,3.66,3.745485314972353,3.5145146850276467,0.01582870830911627,0.0
1992-07-31,6.84,3.21,3.281207598656768,3.558792401343232,0.016348796004764465,0.0
1992-08-31,6.59,3.13,3.1987807981874368,3.391219201812563,0.019389087917157675,0.0
1992-09-30,6.42,2.91,2.97228026491534,3.44771973508466,0.023806788907673702,0.0
1992-10-31,6.59,2.86,2.9208382601552216,3.6691617398447782,0.01987497682717613,0.0
1992-11-30,6.87,3.13,3.1987807981874368,3.6712192018125633,0.011620091400390106,0.0
1992-12-31,6.77,3.22,3.291513311963096,3.4784866880369036,0.008608859121475401,0.0
1993-01-31,6.6,3.0,3.0649088924342935,3.535091107565706,0.00585394736594565,0.0
1993-02-28,6.26,2.93,2.9928607349376786,3.267139265062321,0.003563152332335428,0.0
1993-03-31,5.98,2.95,3.013443301508051,2.9665566984919494,0.0036099250590816007,0.0
1993-04-30,5.97,2.87,2.931125613233561,3.0388743867664387,0.002267092648351818,0.0
1993-05-31,6.04,2.96,3.0237353710988666,3.0162646289011334,0.00211893113825152,0.0
1993-06-30,5.96,3.07,3.1369827463849322,2.8230172536150677,0.0029079184602787836,0.0
1993-07-31,5.81,3.04,3.1060908044484052,2.7039091955515944,0.0026680152652663277,0.0
1993-08-31,5.68,3.02,3.0854987994462166,2.594501200553783,0.0036817485785212156,0.0
1993-09-30,5.36,2.95,3.013443301508051,2.3465566984919493,0.003306725001748503,0.0
1993-10-31,5.33,3.02,3.0854987994462166,2.2445012005537834,0.0021458907254939454,0.0
1993-11-30,5.72,3.1,3.167879410603647,2.5521205893963526,0.0021371050543032904,0.0
1993-12-31,5.77,3.06,3.1266849077615357,2.643315092238464,0.0031172890039188753,0.0
1994-01-31,5.75,2.98,3.044321083092025,2.705678916907975,0.002794112607079424,0.0
1994-02-28,5.97,3.25,3.3224336038426796,2.64756639615732,0.004642217879262642,0.0
1994-03-31,6.48,3.5,3.5802867031935315,2.899713296806469,0.007951580893580555,0.0
1994-04-30,6.97,3.68,3.766144625337024,3.2038553746629757,0.007006938505206682,0.0
1994-05-31,7.18,4.14,4.241891393432269,2.938108606567731,0.007291035283133113,0.0
1994-06-30,7.1,4.14,4.241891393432269,2.858108606567731,0.010163140089658703,0.0
1994-07-31,7.3,4.33,4.438721933428579,2.861278066571421,0.012388094523658721,0.0
1994-08-31,7.24,4.48,4.594249545969467,2.6457504540305328,0.014791870986396673,0.0
1994-09-30,7.46,4.62,4.739516318067835,2.7204836819321647,0.021760744757443613,0.0
1994-10-31,7.74,4.95,5.082342814466006,2.657657185533994,0.02534651344724762,0.0
1994-11-30,7.96,5.29,5.436164309357826,2.5238356906421737,0.01582543271804887,0.0
1994-12-31,7.81,5.6,5.7593039244415385,2.050696075558461,0.013673859812300378,0.0
1995-01-31,7.78,5.71,5.874089884581314,1.9059101154186866,0.012352171951356202,0.0
1995-02-28,7.47,5.77,5.936727711654399,1.533272288345601,0.01358003521088226,0.0
1995-03-31,7.2,5.73,5.894967018118262,1.3050329818817383,0.008922503707180765,0.0
1995-04-30,7.06,5.65,5.81147133293975,1.24852866706025,0.005213456070644377,0.0
1995-05-31,6.63,5.67,5.832342042321574,0.7976579576784255,0.008352825568558304,0.0
1995-06-30,6.17,5.47,5.623731241671298,0.5462687583287016,0.009577959788040085,0.0
1995-07-31,6.28,5.42,5.571611956927664,0.7083880430723362,0.009526585858820772,0.0
1995-08-31,6.49,5.4,5.550767982967506,0.9392320170324941,0.013620044142158044,0.0
1995-09-30,6.2,5.28,5.425748996608063,0.774251003391937,0.012055177165143875,0.0
1995-10-31,6.04,5.28,5.425748996608063,0.6142510033919368,0.013359557308396476,0.0
1995-11-30,5.93,5.36,5.5090864445610865,0.4209135554389132,0.016549185432414317,0.0
1995-12-31,5.71,5.14,5.279990633863424,0.43000936613657625,0.033521130487284986,0.0
1996-01-31,5.65,5.0,5.134336756224505,0.5156632437754958,0.04095224423308799,0.0
1996-02-28,5.81,4.83,4.957611640116118,0.8523883598838813,0.06630853418137396,0.0
1996-03-31,6.27,4.96,5.092740538034647,1.1772594619653525,0.08701217192942946,0.0
1996-04-30,6.51,4.95,5.082342814466006,1.4276571855339935,0.09281486465556503,0.0
1996-05-31,6.74,5.02,5.155138060241092,1.584861939758908,0.14958440653705463,0.0
1996-06-30,6.91,5.09,5.227959403221616,1.6820405967783838,0.18967674821855873,0.0
1996-07-31,6.87,5.15,5.2903984790895935,1.5796015209104066,0.1631214595925023,0.0
1996-08-31,6.64,5.05,5.186344010838355,1.4536559891616445,0.12969504384975422,0.0
1996-09-30,6.83,5.09,5.227959403221616,1.6020405967783837,0.15305917053691775,0.0
1996-10-31,6.53,4.99,5.123936903007969,1.406063096992031,0.17823276208303496,0.0
1996-11-30,6.2,5.03,5.165539511122953,1.0344604888770474,0.21193122442174178,0.0
1996-12-31,6.3,4.91,5.040757242880315,1.2592427571196847,0.21026677739073613,0.0
1997-01-31,6.58,5.03,5.165539511122953,1.4144604888770473,0.19497312803251932,0.0
1997-02-28,6.42,5.01,5.144737141955245,1.275262858044755,0.14166655668978367,0.0
1997-03-31,6.69,5.14,5.279990633863424,1.4100093661365767,0.10053566927747132,0.0
1997-04-30,6.89,5.16,5.300806857443927,1.5891931425560726,0.07535800249727816,0.0
1997-05-31,6.71,5.05,5.186344010838355,1.5236559891616448,0.06220574133580575,0.0
1997-06-30,6.49,4.93,5.061548964217131,1.428451035782869,0.05501796143152458,0.0
1997-07-31,6.22,5.05,5.186344010838355,1.0336559891616446,0.06261479926618477,0.0
1997-08-31,6.3,5.14,5.279990633863424,1.0200093661365761,0.07304745058270246,0.0
1997-09-30,6.21,4.95,5.082342814466006,1.1276571855339936,0.06088441099370749,0.0
1997-10-31,6.03,4.97,5.103138793953931,0.9268612060460688,0.07731910673429555,0.0
1997-11-30,5.88,5.14,5.279990633863424,0.6000093661365762,0.11739435025068073,0.0
1997-12-31,5.81,5.16,5.300806857443927,0.5091931425560725,0.09169314775522239,0.0
1998-01-31,5.54,5.04,5.175941494641736,0.3640585053582637,0.07655192602121497,0.0
1998-02-28,5.57,5.09,5.227959403221616,0.34204059677838394,0.0900346988414153,0.0
1998-03-31,5.65,5.03,5.165539511122953,0.4844604888770476,0.07695785364115755,0.0
1998-04-30,5.64,4.95,5.082342814466006,0.5576571855339933,0.06187050787563156,0.0
1998-05-31,5.65,5.0,5.134336756224505,0.5156632437754958,0.06709595772526997,0.0
1998-06-30,5.5,4.98,5.113537582264742,0.3864624177352578,0.07528663690733135,0.0
1998-07-31,5.46,4.96,5.092740538034647,0.36725946196535286,0.1174946830732242,0.0
1998-08-31,5.34,4.9,5.030362180451763,0.30963781954823677,0.11920587156167947,0.0
1998-09-30,4.81,4.61,4.7291366701245545,0.08086332987544509,0.10617913359006971,0.0
1998-10-31,4.53,3.96,4.055596521176982,0.47440347882301825,0.13135621127656646,0.0
1998-11-30,4.83,4.41,4.521655150793471,0.30834484920652905,0.18059341624484848,0.0
1998-12-31,4.65,4.39,4.500918666614607,0.14908133338539376,0.19610420675253065,0.0
1999-01-31,4.72,4.34,4.449086730930941,0.27091326906905877,0.22250840703981148,0.0
1999-02-28,5.0,4.44,4.552763852976574,0.4472361470234256,0.22668406123364732,0.0
1999-03-31,5.23,4.44,4.552763852976574,0.677236147023426,0.20046442892155636,0.0
1999-04-30,5.18,4.29,4.397268040846277,0.7827319591537227,0.18772875303004385,0.0
1999-05-31,5.54,4.5,4.614995574661778,0.9250044253382219,0.19497312803251932,0.0
1999-06-30,5.9,4.57,4.687623387167258,1.2123766128327427,0.2183049312235566,0.0
1999-07-31,5.79,4.55,4.666869930407928,1.1231300695920723,0.22190502475946977,0.0
1999-08-31,5.94,4.72,4.84334200719248,1.0966579928075202,0.23290885993054464,0.0
1999-09-30,5.92,4.68,4.801805357377779,1.1181946426222211,0.27944652676517334,0.0
1999-10-31,6.11,4.86,4.988787251383243,1.121212748616757,0.20225394503506292,0.0
1999-11-30,6.03,5.07,5.207150641428778,0.8228493585712222,0.23315920309081434,0.0
1999-12-31,6.28,5.2,5.342445702962271,0.9375542970377291,0.26511056761697743,0.0
2000-01-31,6.66,5.32,5.467413449983501,1.1925865500164994,0.2404710578236439,0.0
2000-02-28,6.52,5.55,5.707149890336512,0.8128501096634873,0.20713556078993947,0.0
2000-03-31,6.26,5.69,5.8532148927589365,0.4067851072410633,0.16802719276510092,0.0
2000-04-30,5.99,5.66,5.82190642001931,0.16809357998068997,0.15179404102162905,0.0
2000-05-31,6.44,5.79,5.957611272313027,0.48238872768697316,0.13160680439696906,0.0
2000-06-30,6.1,5.69,5.8532148927589365,0.24678510724106317,0.09667469225901515,0.0
2000-07-31,6.05,5.96,6.135208096195912,-0.0852080961959123,0.1067053776475937,0.0
2000-08-31,5.83,6.09,6.271122031066577,-0.4411220310665769,0.10982027023788768,0.0
2000-09-30,5.8,6.0,6.177018107970891,-0.3770181079708914,0.10728122661233735,0.0
2000-10-31,5.74,6.11,6.292039919884866,-0.5520399198848658,0.1069288186530592,0.0
2000-11-30,5.72,6.17,6.354806477582452,-0.634806477582452,0.14590400093755423,0.0
2000-12-31,5.24,5.77,5.936727711654399,-0.6967277116543986,0.12991947337715984,0.0
2001-01-31,5.16,5.15,5.2903984790895935,-0.13039847908959334,0.09883690817396347,0.0
2001-02-28,5.1,4.88,5.009573651870069,0.090426348129931,0.14735751983292555,0.0
2001-03-31,4.89,4.42,4.532024188025209,0.3579758119747911,0.21453182197992093,0.0
2001-04-30,5.14,3.87,3.9625132862224715,1.1774867137775282,0.26118277558913816,1.0
2001-05-31,5.39,3.62,3.704173018773454,1.6858269812265458,0.2008322924995472,1.0
2001-06-30,5.28,3.49,3.5699662662919915,1.7100337337080087,0.2452496270708984,1.0
2001-07-31,5.24,3.51,3.5906076665212088,1.6493923334787914,0.3158401075087463,1.0
2001-08-31,4.97,3.36,3.4358484730309424,1.5341515269690573,0.39972083468501507,1.0
2001-09-30,4.73,2.64,2.6946489573755534,2.035351042624447,0.3841315717996557,1.0
2001-10-31,4.57,2.16,2.2020230458302334,2.367976954169767,0.4270621404690134,1.0
2001-11-30,4.65,1.87,1.90497694239688,2.7450230576031203,0.4477027474421636,1.0
2001-12-31,5.09,1.69,1.720823484546902,3.369176515453098,0.46324122192845973,0.0
2002-01-31,5.04,1.65,1.6799233469596109,3.360076653040389,0.32608207298981895,0.0
2002-02-28,4.91,1.72,1.7515040392283336,3.1584959607716665,0.27741437922743184,0.0
2002-03-31,5.28,1.79,1.8231101782481902,3.45688982175181,0.22365757267153305,0.0
2002-04-30,5.21,1.71,1.7412766683991554,3.4687233316008443,0.10051032746914283,0.0
2002-05-31,5.16,1.73,1.7617319293789482,3.398268070621052,0.05475178072760616,0.0
2002-06-30,4.93,1.7,1.7310498168518607,3.1989501831481393,0.05307404155261821,0.0
2002-07-31,4.65,1.68,1.710597671444735,2.939402328555265,0.057355742075102883,0.0
2002-08-31,4.26,1.62,1.6492536938764242,2.6107463061235756,0.06623689694971995,0.0
2002-09-30,3.87,1.63,1.6594763925920324,2.2105236074079677,0.03425198896494525,0.0
2002-10-31,3.94,1.58,1.6083680878798714,2.3316319121201285,0.021065218332561492,0.0
2002-11-30,4.05,1.23,1.2509728163147251,2.7990271836852747,0.011576528380959223,0.0
2002-12-31,4.03,1.19,1.2101680304449132,2.819831969555087,0.003838113262533679,0.0
2003-01-31,4.05,1.17,1.1897687410516602,2.86023125894834,0.003904382501581961,0.0
2003-02-28,3.9,1.17,1.1897687410516602,2.7102312589483395,0.005660552297736295,0.0
2003-03-31,3.81,1.13,1.148976367774953,2.661023632225047,0.0032492085884527513,0.0
2003-04-30,3.96,1.13,1.148976367774953,2.811023632225047,0.003176317195042211,0.0
2003-05-31,3.57,1.07,1.0878033169157804,2.4821966830842195,0.0036329657232956414,0.0
2003-06-30,3.33,0.92,0.9349520607368024,2.395047939263198,0.005260241464581312,0.0
2003-07-31,3.98,0.9,0.9145806710265856,3.065419328973414,0.008334199593327768,0.0
2003-08-31,4.45,0.95,0.9655130166747649,3.4844869833252354,0.014411372883132115,0.0
2003-09-30,4.27,0.94,0.9553255151267761,3.3146744848732235,0.026645123012646103,0.0
2003-10-31,4.29,0.92,0.9349520607368024,3.3550479392631978,0.022256744770846944,0.0
2003-11-30,4.3,0.93,0.9451385298272023,3.3548614701727977,0.010580928897486307,0.0
2003-12-31,4.27,0.9,0.9145806710265856,3.355419328973414,0.010217770271034663,0.0
2004-01-31,4.15,0.88,0.8942113456822843,3.255788654317716,0.009543526905593602,0.0
2004-02-28,4.08,0.93,0.9451385298272023,3.134861470172798,0.012260180854129813,0.0
2004-03-31,3.83,0.94,0.9553255151267761,2.874674484873224,0.013286693347685568,0.0
2004-04-30,4.35,0.94,0.9553255151267761,3.3946744848732235,0.010370175858305058,0.0
2004-05-31,4.72,1.02,1.036839985763293,3.683160014236707,0.017666098463252955,0.0
2004-06-30,4.73,1.27,1.2917858803943663,3.438214119605634,0.020213201627976296,0.0
2004-07-31,4.5,1.33,1.3530210036687231,3.146978996331277,0.006685901398145353,0.0
2004-08-31,4.28,1.48,1.5061903811258341,2.773809618874166,0.003081503681666055,0.0
2004-09-30,4.13,1.65,1.6799233469596109,2.450076653040389,0.004250581593313412,0.0
2004-10-31,4.1,1.76,1.792418716154983,2.3075812838450167,0.003941441956774736,0.0
2004-11-30,4.19,2.07,2.109789473419668,2.0802105265803323,0.003942822191989168,0.0
2004-12-31,4.23,2.19,2.2327769477197523,1.997223052280248,0.003938694237387149,0.0
2005-01-31,4.22,2.33,2.376357194889791,1.8436428051102087,0.00474036975351685,0.0
2005-02-28,4.17,2.54,2.5919193398950933,1.5780806601049067,0.00590674236517141,0.0
2005-03-31,4.5,2.74,2.797430872604869,1.7025691273951309,0.00931209462169335,0.0
2005-04-30,4.34,2.78,2.838558291012789,1.501441708987211,0.0036577627728466965,0.0
2005-05-31,4.14,2.84,2.900265125528936,1.239734874471064,0.0020867568901749263,0.0
2005-06-30,4.0,2.97,3.034027964946839,0.9659720350531611,0.0033673106969466563,0.0
2005-07-31,4.18,3.22,3.291513311963096,0.8884866880369038,0.005779357820402334,0.0
2005-08-31,4.26,3.44,3.5183719767668635,0.7416280232331363,0.011036147302288442,0.0
2005-09-30,4.2,3.42,3.4977379445304653,0.7022620554695349,0.018571056602531708,0.0
2005-10-31,4.46,3.71,3.7971375446233417,0.6628624553766582,0.02307608448671038,0.0
2005-11-30,4.54,3.88,3.9728537556680914,0.5671462443319086,0.03215149544106603,0.0
2005-12-31,4.47,3.89,3.9831947530733456,0.48680524692665417,0.036124793105198026,0.0
2006-01-31,4.42,4.24,4.345462591283917,0.07453740871608261,0.04453482106419401,0.0
2006-02-28,4.57,4.43,4.542393755406023,0.027606244593977536,0.0627334535355321,0.0
2006-03-31,4.72,4.51,4.625369384699289,0.09463061530071037,0.05358699974890986,0.0
2006-04-30,4.99,4.6,4.718757553103588,0.2712424468964123,0.06894259083259889,0.0
2006-05-31,5.11,4.72,4.84334200719248,0.2666579928075201,0.09374309121835406,0.0
2006-06-30,5.11,4.79,4.9160516037094695,0.19394839629053084,0.12615423283369842,0.0
2006-07-31,5.09,4.95,5.082342814466006,0.007657185533993527,0.13660239868261345,0.0
2006-08-31,4.88,4.96,5.092740538034647,-0.2127405380346472,0.1579906193969587,0.0
2006-09-30,4.72,4.81,4.936830558437041,-0.21683055843704135,0.16407874012050988,0.0
2006-10-31,4.73,4.92,5.05115283745515,-0.32115283745514933,0.17032241358384928,0.0
2006-11-30,4.6,4.94,5.071945623207126,-0.47194562320712663,0.18611511992128998,0.0
2006-12-31,4.56,4.85,4.9783948490732906,-0.41839484907329094,0.20004858037466444,0.0
2007-01-31,4.76,4.98,5.113537582264742,-0.3535375822647424,0.2807947503068507,0.0
2007-02-28,4.72,5.03,5.165539511122953,-0.445539511122953,0.290894046693915,0.0
2007-03-31,4.56,4.94,5.071945623207126,-0.5119456232071267,0.27652326168715946,0.0
2007-04-30,4.69,4.87,4.999180185635221,-0.30918018563522054,0.240406216821242,0.0
2007-05-31,4.75,4.73,4.853727497970879,-0.10372749797087888,0.2413101131001662,0.0
2007-06-30,5.1,4.61,4.7291366701245545,0.3708633298754451,0.255889756941448,0.0
2007-07-31,5.0,4.82,4.947220833387232,0.05277916661276816,0.29523778392245553,0.0
2007-08-31,4.67,4.2,4.3040277614001985,0.36597223859980144,0.3450809960132244,0.0
2007-09-30,4.52,3.89,3.9831947530733456,0.536805246926654,0.34603545223511967,0.0
2007-10-31,4.53,3.9,3.9935362784786688,0.5364637215213315,0.3706961071389853,0.0
2007-11-30,4.15,3.27,3.3430497587979304,0.8069502412020699,0.4072757424212883,0.0
2007-12-31,4.1,3.0,3.0649088924342935,1.035091107565706,0.3941741462328126,0.0
2008-01-31,3.74,2.75,2.8077119420415526,0.9322880579584476,0.378466533071563,1.0
2008-02-28,3.74,2.12,2.1610251380453254,1.5789748619546748,0.40080133505698423,1.0
2008-03-31,3.51,1.26,1.281581838154522,2.228418161845478,0.41713106046609794,1.0
2008-04-30,3.68,1.29,1.3121955175501447,2.3678044824498556,0.36783648804676544,1.0
2008-05-31,3.88,1.73,1.7617319293789482,2.1182680706210517,0.320020850908735,1.0
2008-06-30,4.1,1.86,1.894741777590974,2.2052582224090256,0.221226813035211,1.0
2008-07-31,4.01,1.63,1.6594763925920324,2.3505236074079674,0.28545588040121783,1.0
2008-08-31,3.89,1.72,1.7515040392283336,2.1384959607716665,0.2221475547527047,1.0
2008-09-30,3.69,1.13,1.148976367774953,2.541023632225047,0.1913049079145819,1.0
2008-10-31,3.81,0.67,0.680457986762581,3.129542013237419,0.19136382571347363,1.0
2008-11-30,3.53,0.19,0.19273145352309484,3.337268546476905,0.1482196779761669,1.0
2008-12-31,2.42,0.03,0.03041897343881911,2.389581026561181,0.11731574535312972,1.0
2009-01-31,2.52,0.13,0.13184888256335345,2.3881511174366468,0.13062568696463847,1.0
2009-02-28,2.87,0.3,0.30439750143859096,2.565602498561409,0.06266366863484082,1.0
2009-03-31,2.82,0.21,0.2130297499589365,2.6069702500410634,0.02595443732057832,1.0
2009-04-30,2.93,0.16,0.162287858645052,2.767712141354948,0.02107074255572126,1.0
2009-05-31,3.29,0.18,0.18258307529926115,3.107416924700739,0.030453933625046697,1.0
2009-06-30,3.72,0.18,0.18258307529926115,3.537416924700739,0.0268512535751571,1.0
2009-07-31,3.56,0.18,0.18258307529926115,3.377416924700739,0.021630492954294648,0.0
2009-08-31,3.59,0.17,0.17243521035289333,3.4175647896471064,0.029582318745147027,0.0
2009-09-30,3.4,0.12,0.12170358342030414,3.2782964165796957,0.016106079474506044,0.0
2009-10-31,3.39,0.07,0.07098478258514075,3.3190152174148593,0.005963444883784884,0.0
2009-11-30,3.4,0.05,0.050700852468853704,3.349299147531146,0.004075007810155832,0.0
2009-12-31,3.59,0.05,0.050700852468853704,3.539299147531146,0.020382869502776763,0.0
2010-01-31,3.73,0.06,0.06084256112177013,3.66915743887823,0.020427445943793268,0.0
2010-02-28,3.69,0.11,0.11155879732114402,3.578441202678856,0.01549012141995146,0.0
2010-03-31,3.73,0.15,0.15214102013680186,3.577858979863198,0.014499056924649485,0.0
2010-04-30,3.85,0.16,0.162287858645052,3.687712141354948,0.01114874112876089,0.0
2010-05-31,3.42,0.16,0.162287858645052,3.257712141354948,0.006204497901447675,0.0
2010-06-30,3.2,0.12,0.12170358342030414,3.078296416579696,0.0027815049007289244,0.0
2010-07-31,3.01,0.16,0.162287858645052,2.8477121413549478,0.0037789746334474885,0.0
2010-08-31,2.7,0.16,0.162287858645052,2.537712141354948,0.0035023733567355626,0.0
2010-09-30,2.65,0.15,0.15214102013680186,2.497858979863198,0.004547510357884121,0.0
2010-10-31,2.54,0.13,0.13184888256335345,2.408151117436647,0.004216334775846358,0.0
2010-11-30,2.76,0.14,0.14199469478921153,2.6180053052107883,0.0039841938192553,0.0
2010-12-31,3.29,0.14,0.14199469478921153,3.1480053052107886,0.002771339421302709,0.0
2011-01-31,3.39,0.15,0.15214102013680186,3.2378589798631983,0.0021459091255191104,0.0
2011-02-28,3.58,0.13,0.13184888256335345,3.448151117436647,0.002567399851877799,0.0
2011-03-31,3.41,0.1,0.10141452422695738,3.3085854757730426,0.00257033123728915,0.0
2011-04-30,3.46,0.06,0.06084256112177013,3.39915743887823,0.0020678480010014786,0.0
2011-05-31,3.17,0.04,0.0405596565874994,3.1294403434125004,0.004723607681071143,0.0
2011-06-30,3.0,0.04,0.0405596565874994,2.9594403434125005,0.006534900787521452,0.0
2011-07-31,3.0,0.04,0.0405596565874994,2.9594403434125005,0.009748180447662458,0.0
2011-08-31,2.3,0.02,0.02027880298392863,2.2797211970160713,0.016190650376624517,0.0
2011-09-30,1.98,0.01,0.010139145183947705,1.9698608548160523,0.017238650157282206,0.0
2011-10-31,2.15,0.02,0.02027880298392863,2.1297211970160714,0.019811407787369836,0.0
2011-11-30,2.01,0.01,0.010139145183947705,1.9998608548160521,0.014244093092122857,0.0
2011-12-31,1.98,0.01,0.010139145183947705,1.9698608548160523,0.005768681640038003,0.0
2012-01-31,1.97,0.03,0.03041897343881911,1.9395810265611808,0.0048991865484863065,0.0
2012-02-28,1.97,0.09,0.09127076409883249,1.8787292359011676,0.0033039989085679104,0.0
2012-03-31,2.17,0.08,0.08112751689786156,2.0888724831021386,0.004299040848142995,0.0
2012-04-30,2.05,0.08,0.08112751689786156,1.9688724831021382,0.0036268520924804893,0.0
2012-05-31,1.8,0.09,0.09127076409883249,1.7087292359011677,0.005964533313018356,0.0
2012-06-30,1.62,0.09,0.09127076409883249,1.5287292359011677,0.008050330246777001,0.0
2012-07-31,1.53,0.1,0.10141452422695738,1.4285854757730427,0.008050330246777001,0.0
2012-08-31,1.68,0.1,0.10141452422695738,1.5785854757730426,0.02405681019416592,0.0
2012-09-30,1.72,0.11,0.11155879732114402,1.608441202678856,0.03751982462489387,0.0
2012-10-31,1.75,0.1,0.10141452422695738,1.6485854757730427,0.029957844726196597,0.0
2012-11-30,1.65,0.09,0.09127076409883249,1.5587292359011675,0.03599258221147543,0.0
2012-12-31,1.72,0.07,0.07098478258514075,1.6490152174148591,0.03751982462489387,0.0
2013-01-31,1.91,0.07,0.07098478258514075,1.839015217414859,0.0391145650125337,0.0
2013-02-28,1.98,0.1,0.10141452422695738,1.8785854757730427,0.042486269240870886,0.0
2013-03-31,1.96,0.09,0.09127076409883249,1.8687292359011676,0.03175841500251698,0.0
2013-04-30,1.76,0.06,0.06084256112177013,1.6991574388782298,0.037571027582506716,0.0
2013-05-31,1.93,0.04,0.0405596565874994,1.8894403434125004,0.05316340313626801,0.0
2013-06-30,2.3,0.05,0.050700852468853704,2.249299147531146,0.06667964224344447,0.0
2013-07-31,2.58,0.04,0.0405596565874994,2.5394403434125006,0.07527455611738444,0.0
2013-08-31,2.74,0.04,0.0405596565874994,2.6994403434125007,0.06269404949636179,0.0
2013-09-30,2.81,0.02,0.02027880298392863,2.7897211970160716,0.06039774491087243,0.0
2013-10-31,2.62,0.05,0.050700852468853704,2.5692991475311464,0.05741449177322623,0.0
2013-11-30,2.72,0.07,0.07098478258514075,2.6490152174148593,0.06425855329802035,0.0
2013-12-31,2.9,0.07,0.07098478258514075,2.829015217414859,0.057383195121981256,0.0
2014-01-31,2.86,0.04,0.0405596565874994,2.8194403434125004,0.044810849387767714,0.0
2014-02-28,2.71,0.05,0.050700852468853704,2.6592991475311463,0.0424945045974349,0.0
2014-03-31,2.72,0.05,0.050700852468853704,2.6692991475311465,0.0430622087331108,0.0
2014-04-30,2.71,0.03,0.03041897343881911,2.679581026561181,0.053822750647730365,0.0
2014-05-31,2.56,0.03,0.03041897343881911,2.529581026561181,0.041876300778362345,0.0
2014-06-30,2.6,0.04,0.0405596565874994,2.5594403434125006,0.025167482398740452,0.0
2014-07-31,2.54,0.03,0.03041897343881911,2.509581026561181,0.01614646713850505,0.0
2014-08-31,2.42,0.03,0.03041897343881911,2.389581026561181,0.01247920822043374,0.0
2014-09-30,2.53,0.02,0.02027880298392863,2.5097211970160713,0.010746976474472914,0.0
2014-10-31,2.3,0.02,0.02027880298392863,2.2797211970160713,0.015399253578663244,0.0
2014-11-30,2.33,0.02,0.02027880298392863,2.3097211970160716,0.013548187490319195,0.0
2014-12-31,2.21,0.03,0.03041897343881911,2.179581026561181,0.010060961535020464,0.0
2015-01-31,1.88,0.03,0.03041897343881911,1.8495810265611807,0.010224504623529975,0.0
2015-02-28,1.98,0.02,0.02027880298392863,1.9597211970160713,0.013323975398379614,0.0
2015-03-31,2.04,0.03,0.03041897343881911,2.009581026561181,0.01310903419904386,0.0
2015-04-30,1.94,0.02,0.02027880298392863,1.9197211970160712,0.012891165436431467,0.0
2015-05-31,2.2,0.02,0.02027880298392863,2.1797211970160717,0.016399923313086366,0.0
2015-06-30,2.36,0.02,0.02027880298392863,2.3397211970160714,0.015642617333520792,0.0
2015-07-31,2.32,0.03,0.03041897343881911,2.289581026561181,0.0169245469896864,0.0
2015-08-31,2.17,0.07,0.07098478258514075,2.099015217414859,0.020382869502776763,0.0
2015-09-30,2.17,0.02,0.02027880298392863,2.1497211970160715,0.016920820798435376,0.0
2015-10-31,2.07,0.02,0.02027880298392863,2.0497211970160714,0.02405681019416592,0.0
2015-11-30,2.26,0.12,0.12170358342030414,2.1382964165796956,0.023002168382069633,0.0
2015-12-31,2.24,0.23,0.2333300999720115,2.0066699000279886,0.027875639957474076,0.0
2016-01-31,2.09,0.26,0.2637844761307015,1.8262155238692983,0.044182623894079044,0.0
2016-02-28,1.78,0.31,0.3145520420307135,1.4654479579692865,0.038047828034003195,0.0
2016-03-31,1.89,0.29,0.294243474591513,1.595756525408487,0.03550880859400908,0.0
2016-04-30,1.81,0.23,0.2333300999720115,1.5766699000279885,0.040190168605033556,0.0
2016-05-31,1.81,0.27,0.27393696197654904,1.536063038023451,0.02786996073300405,0.0
2016-06-30,1.64,0.27,0.27393696197654904,1.3660630380234509,0.021986740004779973,0.0
2016-07-31,1.5,0.3,0.30439750143859096,1.195602498561409,0.023705795969397248,0.0
2016-08-31,1.56,0.3,0.30439750143859096,1.2556024985614092,0.03130319202828537,0.0
2016-09-30,1.63,0.29,0.294243474591513,1.3357565254084869,0.02910762613045432,0.0
2016-10-31,1.76,0.33,0.3348626646060589,1.4251373353939412,0.033567177310326594,0.0
2016-11-30,2.14,0.45,0.4567695753920084,1.6832304246079917,0.029590814847390047,0.0
2016-12-31,2.49,0.51,0.5177508004068578,1.9722491995931424,0.03565313310524004,0.0
2017-01-31,2.43,0.51,0.5177508004068578,1.9122491995931423,0.04558151046186291,0.0
2017-02-28,2.42,0.52,0.5279161386578136,1.8920838613421864,0.07201752429413748,0.0
2017-03-31,2.48,0.74,0.7516838441685086,1.7283161558314912,0.0613651939776943,0.0
2017-04-30,2.3,0.8,0.812754681689639,1.4872453183103609,0.06284367457374299,0.0
2017-05-31,2.3,0.89,0.9043957503283082,1.3956042496716916,0.06608136066544187,0.0
2017-06-30,2.19,0.98,0.9960786192016778,1.1939213807983222,0.08105384553519744,0.0
2017-07-31,2.32,1.07,1.0878033169157804,1.2321966830842195,0.09850512646093533,0.0
2017-08-31,2.21,1.01,1.0266488693773463,1.1833511306226536,0.09207313434107732,0.0
2017-09-30,2.2,1.03,1.047031618711718,1.1529683812882823,0.08397298898560455,0.0
2017-10-31,2.36,1.07,1.0878033169157804,1.2721966830842195,0.07558487373417136,0.0
2017-11-30,2.35,1.23,1.2509728163147251,1.099027183685275,0.05493420725576102,0.0
2017-12-31,2.4,1.32,1.3428138555647344,1.0571861444352655,0.03739633073991886,0.0
2018-01-31,2.58,1.41,1.4346968319585722,1.1453031680414278,0.040601019769585876,0.0
2018-02-28,2.86,1.57,1.5981479833996755,1.2618520166003244,0.04172685569074756,0.0
2018-03-31,2.84,1.7,1.7310498168518607,1.1089501831481392,0.05183413819423591,0.0
2018-04-30,2.87,1.76,1.792418716154983,1.0775812838450172,0.07014307299753093,0.0
2018-05-31,2.98,1.86,1.894741777590974,1.085258222409026,0.07828277069276691,0.0
2018-06-30,2.91,1.9,1.9356855564642406,0.9743144435357596,0.09868996394677455,0.0
2018-07-31,2.89,1.96,1.9971168265886206,0.8928831734113796,0.09454422336465655,0.0
2018-08-31,2.89,2.03,2.0688103147065484,0.8211896852934517,0.09985797269332661,0.0
2018-09-30,3.0,2.13,2.1712738335320423,0.8287261664679577,0.10327141438824176,0.0
2018-10-31,3.15,2.25,2.294298824564712,0.8557011754352879,0.09035038157423902,0.0
2018-11-30,3.12,2.33,2.376357194889791,0.7436428051102091,0.10953886363406853,0.0
2018-12-31,2.83,2.37,2.4173989005802263,0.41260109941977374,0.11458515968625849,0.0
2019-01-31,2.71,2.37,2.4173989005802263,0.29260109941977364,0.1041458151793869,0.0
2019-02-28,2.68,2.39,2.4379228846718686,0.2420771153281316,0.09142149722028173,0.0
2019-03-31,2.57,2.4,2.4481856596686566,0.1218143403313432,0.10836586090523648,0.0
2019-04-30,2.53,2.38,2.427660631655666,0.10233936834433388,0.11210507757694785,0.0
2019-05-31,2.4,2.35,2.3968770040923655,0.0031229959076344294,0.11118156201239321,0.0
2019-06-30,2.07,2.17,2.212273825341393,-0.14227382534139332,0.1250634836441493,0.0
2019-07-31,2.06,2.1,2.1405293097526035,-0.08052930975260342,0.13599418924895013,0.0
2019-08-31,1.63,1.95,1.9868769811194344,-0.35687698111943456,0.14614458649206719,0.0
2019-09-30,1.7,1.89,1.9254488317938951,-0.2254488317938952,0.1450542419913261,0.0
2019-10-31,1.71,1.65,1.6799233469596109,0.03007665304038909,0.1411965773867445,0.0
2019-11-30,1.81,1.54,1.567490782172602,0.24250921782739798,0.15768306595345144,0.0
2019-12-31,1.86,1.54,1.567490782172602,0.292509217827398,0.21345904339413,0.0
2020-01-31,1.76,1.52,1.5470552411376153,0.21294475886238473,0.23621944020061128,0.0
2020-02-28,1.5,1.52,1.5470552411376153,-0.04705524113761528,0.24618795926586798,0.0
2020-03-31,0.87,0.29,0.294243474591513,0.575756525408487,0.2707956269197624,1.0
2020-04-30,0.66,0.14,0.14199469478921153,0.5180053052107885,0.2748930036429097,1.0
2020-05-31,0.67,0.13,0.13184888256335345,0.5381511174366466,0.29622921375102856,0.0
2020-06-30,0.73,0.16,0.162287858645052,0.567712141354948,0.3287958328730085,0.0
2020-07-31,0.62,0.13,0.13184888256335345,0.4881511174366465,0.31478756405836017,0.0
2020-08-31,0.65,0.1,0.10141452422695738,0.5485854757730426,0.3792706547966996,0.0
2020-09-30,0.68,0.11,0.11155879732114402,0.568441202678856,0.34804983045049426,0.0
2020-10-31,0.79,0.1,0.10141452422695738,0.6885854757730426,0.2903582215113349,0.0
2020-11-30,0.87,0.09,0.09127076409883249,0.7787292359011675,0.24610175837524612,0.0
2020-12-31,0.93,0.09,0.09127076409883249,0.8387292359011675,0.23623736464223935,0.0
2021-01-31,1.08,0.08,0.08112751689786156,0.9988724831021385,0.2520367854538892,0.0
2021-02-28,1.26,0.04,0.0405596565874994,1.2194403434125005,0.30730145854443186,0.0
2021-03-31,1.61,0.03,0.03041897343881911,1.579581026561181,0.18465838858326056,0.0
2021-04-30,1.64,0.02,0.02027880298392863,1.6197211970160712,0.19456467741664737,0.0
2021-05-31,1.62,0.02,0.02027880298392863,1.5997211970160714,0.19107283512123144,0.0
2021-06-30,1.52,0.04,0.0405596565874994,1.4794403434125005,0.1860191604367631,0.0
2021-07-31,1.32,0.05,0.050700852468853704,1.2692991475311464,0.19981012140781612,0.0
2021-08-31,1.28,0.05,0.050700852468853704,1.2292991475311463,0.18927946860837452,0.0
